{"id-87556":{"title":"Fashion Influencer","id":87556,"publish-date":1709126846,"featured-image-url":"https:\/\/websitedemos.net\/wp-content\/uploads\/2024\/02\/fashion-influencer-07.jpg","thumbnail-image-url":"https:\/\/websitedemos.net\/wp-content\/uploads\/2024\/02\/fashion-influencer-07-600x3944.jpg","fullpage-thumbnail-image-url":"https:\/\/websitedemos.net\/wp-content\/uploads\/2024\/02\/fashion-influencer-07-400x2629.jpg","astra-site-url":"\/\/websitedemos.net\/fashion-influencer-07","astra-site-parent-id":3545,"astra-sites-tag":{"1652":"blogger","1654":"content-creator","2164":"fashion-blogger","2161":"fashion-influencer","1547":"influencer","2162":"lifestyle-blogger","2166":"luxury-influencer","2163":"social-media-influencer","2165":"style-influencer"},"astra-sites-type":"agency-mini","astra-site-category":{"37":"blog"},"astra-sites-template-category":{"2790":"beauty-fashion","2828":"blog","2890":"makeup-cosmetic","2770":"personal","2768":"portfolio"},"astra-site-page-builder":"gutenberg","categories":{"2479":"beauty","2497":"blog"},"required-plugins":[{"slug":"astra-addon","init":"astra-addon\/astra-addon.php","name":"Astra Pro"},{"slug":"ultimate-addons-for-gutenberg","init":"ultimate-addons-for-gutenberg\/ultimate-addons-for-gutenberg.php","name":"Spectra"},{"slug":"sureforms","init":"sureforms\/sureforms.php","name":"SureForms"}],"post-status":"publish","post-content":"","post-excerpt":"","pages":{"id-87560":{"title":"Home","featured-image-url":"https:\/\/websitedemos.net\/wp-content\/uploads\/2024\/02\/fashion-influencer-07.jpg","thumbnail-image-url":"https:\/\/websitedemos.net\/wp-content\/uploads\/2024\/02\/fashion-influencer-07-600x3944.jpg","astra-page-api-url":"https:\/\/websitedemos.net\/fashion-influencer-07\/wp-json\/wp\/v2\/pages\/1011","dynamic-page":"no","astra-page-url":"\/\/websitedemos.net\/fashion-influencer-07\/","astra-sites-tag":{"423":"home"},"site-pages-type":"agency-mini","site-pages-page-builder":"gutenberg","site-pages-category":[],"site-pages-parent-category":{"74":"blog"},"required-plugins":[{"slug":"astra-addon","init":"astra-addon\/astra-addon.php","name":"Astra Pro"},{"slug":"ultimate-addons-for-gutenberg","init":"ultimate-addons-for-gutenberg\/ultimate-addons-for-gutenberg.php","name":"Spectra"},{"slug":"sureforms","init":"sureforms\/sureforms.php","name":"SureForms"}]},"id-87562":{"title":"Shoots","featured-image-url":"https:\/\/websitedemos.net\/wp-content\/uploads\/2024\/02\/fashion-influencer-07-shoots.jpg","thumbnail-image-url":"https:\/\/websitedemos.net\/wp-content\/uploads\/2024\/02\/fashion-influencer-07-shoots-600x2037.jpg","astra-page-api-url":"https:\/\/websitedemos.net\/fashion-influencer-07\/wp-json\/wp\/v2\/pages\/1014","dynamic-page":"no","astra-page-url":"\/\/websitedemos.net\/fashion-influencer-07\/shoots\/","astra-sites-tag":{"2023":"shoots"},"site-pages-type":"agency-mini","site-pages-page-builder":"gutenberg","site-pages-category":[],"site-pages-parent-category":{"74":"blog"},"required-plugins":[{"slug":"astra-addon","init":"astra-addon\/astra-addon.php","name":"Astra Pro"},{"slug":"ultimate-addons-for-gutenberg","init":"ultimate-addons-for-gutenberg\/ultimate-addons-for-gutenberg.php","name":"Spectra"}]},"id-87561":{"title":"Lookbook","featured-image-url":"https:\/\/websitedemos.net\/wp-content\/uploads\/2024\/02\/fashion-influencer-07-lookbook.jpg","thumbnail-image-url":"https:\/\/websitedemos.net\/wp-content\/uploads\/2024\/02\/fashion-influencer-07-lookbook-600x1814.jpg","astra-page-api-url":"https:\/\/websitedemos.net\/fashion-influencer-07\/wp-json\/wp\/v2\/pages\/1016","dynamic-page":"no","astra-page-url":"\/\/websitedemos.net\/fashion-influencer-07\/lookbook\/","astra-sites-tag":{"752":"lookbook"},"site-pages-type":"agency-mini","site-pages-page-builder":"gutenberg","site-pages-category":[],"site-pages-parent-category":{"74":"blog"},"required-plugins":[{"slug":"astra-addon","init":"astra-addon\/astra-addon.php","name":"Astra Pro"},{"slug":"ultimate-addons-for-gutenberg","init":"ultimate-addons-for-gutenberg\/ultimate-addons-for-gutenberg.php","name":"Spectra"}]},"id-87557":{"title":"About Me","featured-image-url":"https:\/\/websitedemos.net\/wp-content\/uploads\/2024\/02\/fashion-influencer-07-about-me.jpg","thumbnail-image-url":"https:\/\/websitedemos.net\/wp-content\/uploads\/2024\/02\/fashion-influencer-07-about-me-600x1798.jpg","astra-page-api-url":"https:\/\/websitedemos.net\/fashion-influencer-07\/wp-json\/wp\/v2\/pages\/1018","dynamic-page":"no","astra-page-url":"\/\/websitedemos.net\/fashion-influencer-07\/about-me\/","astra-sites-tag":{"352":"about"},"site-pages-type":"agency-mini","site-pages-page-builder":"gutenberg","site-pages-category":[],"site-pages-parent-category":{"74":"blog"},"required-plugins":[{"slug":"astra-addon","init":"astra-addon\/astra-addon.php","name":"Astra Pro"},{"slug":"ultimate-addons-for-gutenberg","init":"ultimate-addons-for-gutenberg\/ultimate-addons-for-gutenberg.php","name":"Spectra"}]},"id-87558":{"title":"Contact","featured-image-url":"https:\/\/websitedemos.net\/wp-content\/uploads\/2024\/02\/fashion-influencer-07-contact.jpg","thumbnail-image-url":"https:\/\/websitedemos.net\/wp-content\/uploads\/2024\/02\/fashion-influencer-07-contact-600x821.jpg","astra-page-api-url":"https:\/\/websitedemos.net\/fashion-influencer-07\/wp-json\/wp\/v2\/pages\/1022","dynamic-page":"no","astra-page-url":"\/\/websitedemos.net\/fashion-influencer-07\/contact\/","astra-sites-tag":{"415":"contact"},"site-pages-type":"agency-mini","site-pages-page-builder":"gutenberg","site-pages-category":[],"site-pages-parent-category":{"74":"blog"},"required-plugins":[{"slug":"astra-addon","init":"astra-addon\/astra-addon.php","name":"Astra Pro"},{"slug":"ultimate-addons-for-gutenberg","init":"ultimate-addons-for-gutenberg\/ultimate-addons-for-gutenberg.php","name":"Spectra"},{"slug":"sureforms","init":"sureforms\/sureforms.php","name":"SureForms"}]}},"related-bb-template":"","related-elementor-template":"","related-gutenberg-template":"","related_ecommerce_template":"","ecommerce_parent_template":""},"id-71334":{"title":"Real Estate Consultant","id":71334,"publish-date":1675775296,"featured-image-url":"https:\/\/websitedemos.net\/wp-content\/uploads\/2023\/02\/real-estate-consultant-08.jpg","thumbnail-image-url":"https:\/\/websitedemos.net\/wp-content\/uploads\/2023\/02\/real-estate-consultant-08-600x2702.jpg","fullpage-thumbnail-image-url":"https:\/\/websitedemos.net\/wp-content\/uploads\/2023\/02\/real-estate-consultant-08-400x1801.jpg","astra-site-url":"\/\/websitedemos.net\/real-estate-consultant-08","astra-site-parent-id":3080,"astra-sites-tag":{"2311":"construction-agency","2088":"construction-company","2313":"property-rentals","485":"real-estate","2310":"real-estate-agency","2535":"real-estate-consultant","2314":"real-estate-developers","2312":"sales-property"},"astra-sites-type":"free","astra-site-category":{"27":"business","39":"free"},"astra-sites-template-category":{"2794":"consulting","2778":"real-estate","2831":"service"},"astra-site-page-builder":"gutenberg","categories":{"2483":"expert-services","2484":"real-estate"},"required-plugins":[{"slug":"ultimate-addons-for-gutenberg","init":"ultimate-addons-for-gutenberg\/ultimate-addons-for-gutenberg.php","name":"Spectra"},{"slug":"sureforms","init":"sureforms\/sureforms.php","name":"SureForms"}],"post-status":"publish","post-content":"","post-excerpt":"","pages":{"id-71337":{"title":"Home","featured-image-url":"https:\/\/websitedemos.net\/wp-content\/uploads\/2023\/02\/real-estate-consultant-08.jpg","thumbnail-image-url":"https:\/\/websitedemos.net\/wp-content\/uploads\/2023\/02\/real-estate-consultant-08-600x2702.jpg","astra-page-api-url":"https:\/\/websitedemos.net\/real-estate-consultant-08\/wp-json\/wp\/v2\/pages\/701","dynamic-page":"no","astra-page-url":"\/\/websitedemos.net\/real-estate-consultant-08\/","astra-sites-tag":{"423":"home"},"site-pages-type":"free","site-pages-page-builder":"gutenberg","site-pages-category":[],"site-pages-parent-category":{"60":"business","61":"free"},"required-plugins":[{"slug":"ultimate-addons-for-gutenberg","init":"ultimate-addons-for-gutenberg\/ultimate-addons-for-gutenberg.php","name":"Spectra"},{"slug":"sureforms","init":"sureforms\/sureforms.php","name":"SureForms"}]},"id-71335":{"title":"About Me","featured-image-url":"https:\/\/websitedemos.net\/wp-content\/uploads\/2023\/02\/real-estate-consultant-08-about-me.jpg","thumbnail-image-url":"https:\/\/websitedemos.net\/wp-content\/uploads\/2023\/02\/real-estate-consultant-08-about-me-600x1324.jpg","astra-page-api-url":"https:\/\/websitedemos.net\/real-estate-consultant-08\/wp-json\/wp\/v2\/pages\/705","dynamic-page":"no","astra-page-url":"\/\/websitedemos.net\/real-estate-consultant-08\/about-me\/","astra-sites-tag":{"1007":"about-me"},"site-pages-type":"free","site-pages-page-builder":"gutenberg","site-pages-category":[],"site-pages-parent-category":{"60":"business","61":"free"},"required-plugins":[{"slug":"ultimate-addons-for-gutenberg","init":"ultimate-addons-for-gutenberg\/ultimate-addons-for-gutenberg.php","name":"Spectra"}]},"id-71339":{"title":"Services","featured-image-url":"https:\/\/websitedemos.net\/wp-content\/uploads\/2023\/02\/real-estate-consultant-08-service.jpg","thumbnail-image-url":"https:\/\/websitedemos.net\/wp-content\/uploads\/2023\/02\/real-estate-consultant-08-service-600x1228.jpg","astra-page-api-url":"https:\/\/websitedemos.net\/real-estate-consultant-08\/wp-json\/wp\/v2\/pages\/703","dynamic-page":"no","astra-page-url":"\/\/websitedemos.net\/real-estate-consultant-08\/services\/","astra-sites-tag":{"425":"services"},"site-pages-type":"free","site-pages-page-builder":"gutenberg","site-pages-category":[],"site-pages-parent-category":{"60":"business","61":"free"},"required-plugins":[{"slug":"ultimate-addons-for-gutenberg","init":"ultimate-addons-for-gutenberg\/ultimate-addons-for-gutenberg.php","name":"Spectra"}]},"id-71338":{"title":"Reviews","featured-image-url":"https:\/\/websitedemos.net\/wp-content\/uploads\/2023\/02\/real-estate-consultant-08-reviews.jpg","thumbnail-image-url":"https:\/\/websitedemos.net\/wp-content\/uploads\/2023\/02\/real-estate-consultant-08-reviews-600x1107.jpg","astra-page-api-url":"https:\/\/websitedemos.net\/real-estate-consultant-08\/wp-json\/wp\/v2\/pages\/707","dynamic-page":"no","astra-page-url":"\/\/websitedemos.net\/real-estate-consultant-08\/reviews\/","astra-sites-tag":{"1615":"reviews"},"site-pages-type":"free","site-pages-page-builder":"gutenberg","site-pages-category":[],"site-pages-parent-category":{"60":"business","61":"free"},"required-plugins":[{"slug":"ultimate-addons-for-gutenberg","init":"ultimate-addons-for-gutenberg\/ultimate-addons-for-gutenberg.php","name":"Spectra"}]},"id-71336":{"title":"Contact","featured-image-url":"https:\/\/websitedemos.net\/wp-content\/uploads\/2023\/02\/real-estate-consultant-08-contact.jpg","thumbnail-image-url":"https:\/\/websitedemos.net\/wp-content\/uploads\/2023\/02\/real-estate-consultant-08-contact-600x1112.jpg","astra-page-api-url":"https:\/\/websitedemos.net\/real-estate-consultant-08\/wp-json\/wp\/v2\/pages\/709","dynamic-page":"no","astra-page-url":"\/\/websitedemos.net\/real-estate-consultant-08\/contact\/","astra-sites-tag":{"415":"contact"},"site-pages-type":"free","site-pages-page-builder":"gutenberg","site-pages-category":[],"site-pages-parent-category":{"60":"business","61":"free"},"required-plugins":[{"slug":"ultimate-addons-for-gutenberg","init":"ultimate-addons-for-gutenberg\/ultimate-addons-for-gutenberg.php","name":"Spectra"},{"slug":"sureforms","init":"sureforms\/sureforms.php","name":"SureForms"}]}},"related-bb-template":"","related-elementor-template":"","related-gutenberg-template":"","related_ecommerce_template":"","ecommerce_parent_template":""},"id-87473":{"title":"Cafe","id":87473,"publish-date":1709058509,"featured-image-url":"https:\/\/websitedemos.net\/wp-content\/uploads\/2024\/02\/cafee-07.jpg","thumbnail-image-url":"https:\/\/websitedemos.net\/wp-content\/uploads\/2024\/02\/cafee-07-600x2822.jpg","fullpage-thumbnail-image-url":"https:\/\/websitedemos.net\/wp-content\/uploads\/2024\/02\/cafee-07-400x1881.jpg","astra-site-url":"\/\/websitedemos.net\/cafe-07","astra-site-parent-id":3540,"astra-sites-tag":{"693":"cafe","1576":"casual-restaurant","1575":"coffee-shop","1577":"confectionery","1844":"premium","335":"restaurant"},"astra-sites-type":"agency-mini","astra-site-category":{"27":"business"},"astra-sites-template-category":{"2777":"business","2804":"cafe-bakery","2785":"food","2776":"restaurant"},"astra-site-page-builder":"gutenberg","categories":{"2496":"restaurant-food"},"required-plugins":[{"slug":"ultimate-addons-for-gutenberg","init":"ultimate-addons-for-gutenberg\/ultimate-addons-for-gutenberg.php","name":"Spectra"},{"slug":"sureforms","init":"sureforms\/sureforms.php","name":"SureForms"}],"post-status":"publish","post-content":"","post-excerpt":"","pages":{"id-87477":{"title":"Home","featured-image-url":"https:\/\/websitedemos.net\/wp-content\/uploads\/2024\/02\/cafee-07.jpg","thumbnail-image-url":"https:\/\/websitedemos.net\/wp-content\/uploads\/2024\/02\/cafee-07-600x2822.jpg","astra-page-api-url":"https:\/\/websitedemos.net\/cafe-07\/wp-json\/wp\/v2\/pages\/364","dynamic-page":"no","astra-page-url":"\/\/websitedemos.net\/cafe-07\/","astra-sites-tag":{"423":"home"},"site-pages-type":"agency-mini","site-pages-page-builder":"gutenberg","site-pages-category":[],"site-pages-parent-category":{"60":"business"},"required-plugins":[{"slug":"ultimate-addons-for-gutenberg","init":"ultimate-addons-for-gutenberg\/ultimate-addons-for-gutenberg.php","name":"Spectra"}]},"id-87474":{"title":"About us","featured-image-url":"https:\/\/websitedemos.net\/wp-content\/uploads\/2024\/02\/cafee-07-about.jpg","thumbnail-image-url":"https:\/\/websitedemos.net\/wp-content\/uploads\/2024\/02\/cafee-07-about-600x1112.jpg","astra-page-api-url":"https:\/\/websitedemos.net\/cafe-07\/wp-json\/wp\/v2\/pages\/367","dynamic-page":"no","astra-page-url":"\/\/websitedemos.net\/cafe-07\/about-us\/","astra-sites-tag":{"352":"about"},"site-pages-type":"agency-mini","site-pages-page-builder":"gutenberg","site-pages-category":[],"site-pages-parent-category":{"60":"business"},"required-plugins":[{"slug":"ultimate-addons-for-gutenberg","init":"ultimate-addons-for-gutenberg\/ultimate-addons-for-gutenberg.php","name":"Spectra"}]},"id-87479":{"title":"What We Offer","featured-image-url":"https:\/\/websitedemos.net\/wp-content\/uploads\/2024\/02\/cafee-07-offer.jpg","thumbnail-image-url":"https:\/\/websitedemos.net\/wp-content\/uploads\/2024\/02\/cafee-07-offer-600x1457.jpg","astra-page-api-url":"https:\/\/websitedemos.net\/cafe-07\/wp-json\/wp\/v2\/pages\/369","dynamic-page":"no","astra-page-url":"\/\/websitedemos.net\/cafe-07\/what-we-offer\/","astra-sites-tag":{"1542":"what-we-offer"},"site-pages-type":"agency-mini","site-pages-page-builder":"gutenberg","site-pages-category":[],"site-pages-parent-category":{"60":"business"},"required-plugins":[{"slug":"ultimate-addons-for-gutenberg","init":"ultimate-addons-for-gutenberg\/ultimate-addons-for-gutenberg.php","name":"Spectra"}]},"id-87478":{"title":"Our Menu","featured-image-url":"https:\/\/websitedemos.net\/wp-content\/uploads\/2024\/02\/cafee-07-menu.jpg","thumbnail-image-url":"https:\/\/websitedemos.net\/wp-content\/uploads\/2024\/02\/cafee-07-menu-600x1364.jpg","astra-page-api-url":"https:\/\/websitedemos.net\/cafe-07\/wp-json\/wp\/v2\/pages\/371","dynamic-page":"no","astra-page-url":"\/\/websitedemos.net\/cafe-07\/our-menu\/","astra-sites-tag":{"1578":"our-menu"},"site-pages-type":"agency-mini","site-pages-page-builder":"gutenberg","site-pages-category":[],"site-pages-parent-category":{"60":"business"},"required-plugins":[{"slug":"ultimate-addons-for-gutenberg","init":"ultimate-addons-for-gutenberg\/ultimate-addons-for-gutenberg.php","name":"Spectra"}]},"id-87476":{"title":"Gallery","featured-image-url":"https:\/\/websitedemos.net\/wp-content\/uploads\/2024\/02\/cafee-07-gallery.jpg","thumbnail-image-url":"https:\/\/websitedemos.net\/wp-content\/uploads\/2024\/02\/cafee-07-gallery-600x1007.jpg","astra-page-api-url":"https:\/\/websitedemos.net\/cafe-07\/wp-json\/wp\/v2\/pages\/373","dynamic-page":"no","astra-page-url":"\/\/websitedemos.net\/cafe-07\/gallery\/","astra-sites-tag":{"461":"gallery"},"site-pages-type":"agency-mini","site-pages-page-builder":"gutenberg","site-pages-category":[],"site-pages-parent-category":{"60":"business"},"required-plugins":[{"slug":"ultimate-addons-for-gutenberg","init":"ultimate-addons-for-gutenberg\/ultimate-addons-for-gutenberg.php","name":"Spectra"}]},"id-87475":{"title":"Contact","featured-image-url":"https:\/\/websitedemos.net\/wp-content\/uploads\/2024\/02\/cafee-07-contact.jpg","thumbnail-image-url":"https:\/\/websitedemos.net\/wp-content\/uploads\/2024\/02\/cafee-07-contact-600x1007.jpg","astra-page-api-url":"https:\/\/websitedemos.net\/cafe-07\/wp-json\/wp\/v2\/pages\/375","dynamic-page":"no","astra-page-url":"\/\/websitedemos.net\/cafe-07\/contact\/","astra-sites-tag":{"415":"contact"},"site-pages-type":"agency-mini","site-pages-page-builder":"gutenberg","site-pages-category":[],"site-pages-parent-category":{"60":"business"},"required-plugins":[{"slug":"ultimate-addons-for-gutenberg","init":"ultimate-addons-for-gutenberg\/ultimate-addons-for-gutenberg.php","name":"Spectra"},{"slug":"sureforms","init":"sureforms\/sureforms.php","name":"SureForms"}]}},"related-bb-template":"","related-elementor-template":"","related-gutenberg-template":"","related_ecommerce_template":"","ecommerce_parent_template":""},"id-87409":{"title":"Painter","id":87409,"publish-date":1709056701,"featured-image-url":"https:\/\/websitedemos.net\/wp-content\/uploads\/2024\/02\/painters-07.jpg","thumbnail-image-url":"https:\/\/websitedemos.net\/wp-content\/uploads\/2024\/02\/painters-07-600x2114.jpg","fullpage-thumbnail-image-url":"https:\/\/websitedemos.net\/wp-content\/uploads\/2024\/02\/painters-07-400x1409.jpg","astra-site-url":"\/\/websitedemos.net\/painter-07","astra-site-parent-id":3535,"astra-sites-tag":{"597":"art","1511":"artisan","339":"artist","1513":"craft","1514":"dauber","614":"painter","1512":"painting"},"astra-sites-type":"agency-mini","astra-site-category":{"27":"business"},"astra-sites-template-category":{"2802":"artist","2770":"personal","2768":"portfolio"},"astra-site-page-builder":"gutenberg","categories":{"2486":"art-music"},"required-plugins":[{"slug":"ultimate-addons-for-gutenberg","init":"ultimate-addons-for-gutenberg\/ultimate-addons-for-gutenberg.php","name":"Spectra"},{"slug":"sureforms","init":"sureforms\/sureforms.php","name":"SureForms"}],"post-status":"publish","post-content":"","post-excerpt":"","pages":{"id-87413":{"title":"Home","featured-image-url":"https:\/\/websitedemos.net\/wp-content\/uploads\/2024\/02\/painters-07.jpg","thumbnail-image-url":"https:\/\/websitedemos.net\/wp-content\/uploads\/2024\/02\/painters-07-600x2114.jpg","astra-page-api-url":"https:\/\/websitedemos.net\/painter-07\/wp-json\/wp\/v2\/pages\/376","dynamic-page":"no","astra-page-url":"\/\/websitedemos.net\/painter-07\/","astra-sites-tag":{"423":"home"},"site-pages-type":"agency-mini","site-pages-page-builder":"gutenberg","site-pages-category":[],"site-pages-parent-category":{"60":"business"},"required-plugins":[{"slug":"ultimate-addons-for-gutenberg","init":"ultimate-addons-for-gutenberg\/ultimate-addons-for-gutenberg.php","name":"Spectra"}]},"id-87410":{"title":"About","featured-image-url":"https:\/\/websitedemos.net\/wp-content\/uploads\/2024\/02\/painters-07-about.jpg","thumbnail-image-url":"https:\/\/websitedemos.net\/wp-content\/uploads\/2024\/02\/painters-07-about-600x1619.jpg","astra-page-api-url":"https:\/\/websitedemos.net\/painter-07\/wp-json\/wp\/v2\/pages\/377","dynamic-page":"no","astra-page-url":"\/\/websitedemos.net\/painter-07\/about\/","astra-sites-tag":{"352":"about"},"site-pages-type":"agency-mini","site-pages-page-builder":"gutenberg","site-pages-category":[],"site-pages-parent-category":{"60":"business"},"required-plugins":[{"slug":"ultimate-addons-for-gutenberg","init":"ultimate-addons-for-gutenberg\/ultimate-addons-for-gutenberg.php","name":"Spectra"}]},"id-87411":{"title":"Artworks","featured-image-url":"https:\/\/websitedemos.net\/wp-content\/uploads\/2024\/02\/painter-07-artwork.jpg","thumbnail-image-url":"https:\/\/websitedemos.net\/wp-content\/uploads\/2024\/02\/painter-07-artwork-600x1619.jpg","astra-page-api-url":"https:\/\/websitedemos.net\/painter-07\/wp-json\/wp\/v2\/pages\/378","dynamic-page":"no","astra-page-url":"\/\/websitedemos.net\/painter-07\/artworks\/","astra-sites-tag":{"1509":"artwork"},"site-pages-type":"agency-mini","site-pages-page-builder":"gutenberg","site-pages-category":[],"site-pages-parent-category":{"60":"business"},"required-plugins":[{"slug":"ultimate-addons-for-gutenberg","init":"ultimate-addons-for-gutenberg\/ultimate-addons-for-gutenberg.php","name":"Spectra"}]},"id-87414":{"title":"Studio","featured-image-url":"https:\/\/websitedemos.net\/wp-content\/uploads\/2024\/02\/painter-07-studio.jpg","thumbnail-image-url":"https:\/\/websitedemos.net\/wp-content\/uploads\/2024\/02\/painter-07-studio-600x1839.jpg","astra-page-api-url":"https:\/\/websitedemos.net\/painter-07\/wp-json\/wp\/v2\/pages\/379","dynamic-page":"no","astra-page-url":"\/\/websitedemos.net\/painter-07\/studio\/","astra-sites-tag":{"1510":"studio"},"site-pages-type":"agency-mini","site-pages-page-builder":"gutenberg","site-pages-category":[],"site-pages-parent-category":{"60":"business"},"required-plugins":[{"slug":"ultimate-addons-for-gutenberg","init":"ultimate-addons-for-gutenberg\/ultimate-addons-for-gutenberg.php","name":"Spectra"}]},"id-87412":{"title":"Contact","featured-image-url":"https:\/\/websitedemos.net\/wp-content\/uploads\/2024\/02\/painter-07-contact.jpg","thumbnail-image-url":"https:\/\/websitedemos.net\/wp-content\/uploads\/2024\/02\/painter-07-contact-600x1023.jpg","astra-page-api-url":"https:\/\/websitedemos.net\/painter-07\/wp-json\/wp\/v2\/pages\/380","dynamic-page":"no","astra-page-url":"\/\/websitedemos.net\/painter-07\/contact\/","astra-sites-tag":{"415":"contact"},"site-pages-type":"agency-mini","site-pages-page-builder":"gutenberg","site-pages-category":[],"site-pages-parent-category":{"60":"business"},"required-plugins":[{"slug":"ultimate-addons-for-gutenberg","init":"ultimate-addons-for-gutenberg\/ultimate-addons-for-gutenberg.php","name":"Spectra"},{"slug":"sureforms","init":"sureforms\/sureforms.php","name":"SureForms"}]}},"related-bb-template":"","related-elementor-template":"","related-gutenberg-template":"","related_ecommerce_template":"","ecommerce_parent_template":""},"id-55425":{"title":"Charity","id":55425,"publish-date":1621889386,"featured-image-url":"https:\/\/websitedemos.net\/wp-content\/uploads\/2021\/05\/communities-08.jpg","thumbnail-image-url":"https:\/\/websitedemos.net\/wp-content\/uploads\/2021\/05\/communities-08-600x1661.jpg","fullpage-thumbnail-image-url":"https:\/\/websitedemos.net\/wp-content\/uploads\/2021\/05\/communities-08-400x1107.jpg","astra-site-url":"\/\/websitedemos.net\/communities-08","astra-site-parent-id":2116,"astra-sites-tag":{"625":"charity","2126":"charity-organization","893":"church","2125":"community","2128":"community-center","1013":"donation","2124":"environmental-ngo","624":"foundation","977":"non-profit","745":"organization","2127":"social-ngo"},"astra-sites-type":"free","astra-site-category":{"39":"free","36":"other"},"astra-sites-template-category":{"2786":"charity-nonprofit","2864":"community","2872":"donation-fundraiser","2871":"ngo"},"astra-site-page-builder":"gutenberg","categories":{"2492":"non-profit"},"required-plugins":[{"slug":"ultimate-addons-for-gutenberg","init":"ultimate-addons-for-gutenberg\/ultimate-addons-for-gutenberg.php","name":"Spectra"},{"slug":"sureforms","init":"sureforms\/sureforms.php","name":"SureForms"}],"post-status":"publish","post-content":"","post-excerpt":"","pages":{"id-55428":{"title":"Home","featured-image-url":"https:\/\/websitedemos.net\/wp-content\/uploads\/2021\/05\/communities-08.jpg","thumbnail-image-url":"https:\/\/websitedemos.net\/wp-content\/uploads\/2021\/05\/communities-08-600x1661.jpg","astra-page-api-url":"https:\/\/websitedemos.net\/communities-08\/wp-json\/wp\/v2\/pages\/364","dynamic-page":"no","astra-page-url":"\/\/websitedemos.net\/communities-08\/","astra-sites-tag":{"423":"home"},"site-pages-type":"free","site-pages-page-builder":"gutenberg","site-pages-category":[],"site-pages-parent-category":{"61":"free","139":"other"},"required-plugins":[{"slug":"ultimate-addons-for-gutenberg","init":"ultimate-addons-for-gutenberg\/ultimate-addons-for-gutenberg.php","name":"Spectra"}]},"id-55426":{"title":"About","featured-image-url":"https:\/\/websitedemos.net\/wp-content\/uploads\/2021\/05\/communities-08-about-us.jpg","thumbnail-image-url":"https:\/\/websitedemos.net\/wp-content\/uploads\/2021\/05\/communities-08-about-us-600x1984.jpg","astra-page-api-url":"https:\/\/websitedemos.net\/communities-08\/wp-json\/wp\/v2\/pages\/366","dynamic-page":"no","astra-page-url":"\/\/websitedemos.net\/communities-08\/about\/","astra-sites-tag":{"352":"about"},"site-pages-type":"free","site-pages-page-builder":"gutenberg","site-pages-category":[],"site-pages-parent-category":{"61":"free","139":"other"},"required-plugins":[{"slug":"ultimate-addons-for-gutenberg","init":"ultimate-addons-for-gutenberg\/ultimate-addons-for-gutenberg.php","name":"Spectra"}]},"id-55429":{"title":"What we do","featured-image-url":"https:\/\/websitedemos.net\/wp-content\/uploads\/2021\/05\/communities-08-what-we-do-1.jpg","thumbnail-image-url":"https:\/\/websitedemos.net\/wp-content\/uploads\/2021\/05\/communities-08-what-we-do-1-600x1961.jpg","astra-page-api-url":"https:\/\/websitedemos.net\/communities-08\/wp-json\/wp\/v2\/pages\/368","dynamic-page":"no","astra-page-url":"\/\/websitedemos.net\/communities-08\/what-we-do\/","astra-sites-tag":{"628":"what-we-do"},"site-pages-type":"free","site-pages-page-builder":"gutenberg","site-pages-category":[],"site-pages-parent-category":{"61":"free","139":"other"},"required-plugins":[{"slug":"ultimate-addons-for-gutenberg","init":"ultimate-addons-for-gutenberg\/ultimate-addons-for-gutenberg.php","name":"Spectra"}]},"id-55427":{"title":"Contact","featured-image-url":"https:\/\/websitedemos.net\/wp-content\/uploads\/2021\/05\/communities-08-contact-1.jpg","thumbnail-image-url":"https:\/\/websitedemos.net\/wp-content\/uploads\/2021\/05\/communities-08-contact-1-600x1191.jpg","astra-page-api-url":"https:\/\/websitedemos.net\/communities-08\/wp-json\/wp\/v2\/pages\/370","dynamic-page":"no","astra-page-url":"\/\/websitedemos.net\/communities-08\/contact\/","astra-sites-tag":{"415":"contact"},"site-pages-type":"free","site-pages-page-builder":"gutenberg","site-pages-category":[],"site-pages-parent-category":{"61":"free","139":"other"},"required-plugins":[{"slug":"ultimate-addons-for-gutenberg","init":"ultimate-addons-for-gutenberg\/ultimate-addons-for-gutenberg.php","name":"Spectra"},{"slug":"sureforms","init":"sureforms\/sureforms.php","name":"SureForms"}]}},"related-bb-template":"","related-elementor-template":"","related-gutenberg-template":"","related_ecommerce_template":"","ecommerce_parent_template":""},"id-71404":{"title":"Pharmaceutical Company","id":71404,"publish-date":1675771021,"featured-image-url":"https:\/\/websitedemos.net\/wp-content\/uploads\/2023\/02\/pharmaceutical-08.jpg","thumbnail-image-url":"https:\/\/websitedemos.net\/wp-content\/uploads\/2023\/02\/pharmaceutical-08-600x2532.jpg","fullpage-thumbnail-image-url":"https:\/\/websitedemos.net\/wp-content\/uploads\/2023\/02\/pharmaceutical-08-400x1688.jpg","astra-site-url":"\/\/websitedemos.net\/pharmaceutical-08","astra-site-parent-id":3084,"astra-sites-tag":{"1888":"pharma","1890":"pharma-company","1891":"pharmaceutical-company","1889":"pharmaceuticals"},"astra-sites-type":"free","astra-site-category":{"27":"business","39":"free"},"astra-sites-template-category":{"2777":"business","2834":"healthcare","2841":"medical-clinic"},"astra-site-page-builder":"gutenberg","categories":{"2474":"manufacturing"},"required-plugins":[{"slug":"ultimate-addons-for-gutenberg","init":"ultimate-addons-for-gutenberg\/ultimate-addons-for-gutenberg.php","name":"Spectra"},{"slug":"sureforms","init":"sureforms\/sureforms.php","name":"SureForms"}],"post-status":"publish","post-content":"","post-excerpt":"","pages":{"id-71407":{"title":"Home","featured-image-url":"https:\/\/websitedemos.net\/wp-content\/uploads\/2023\/02\/pharmaceutical-08.jpg","thumbnail-image-url":"https:\/\/websitedemos.net\/wp-content\/uploads\/2023\/02\/pharmaceutical-08-600x2532.jpg","astra-page-api-url":"https:\/\/websitedemos.net\/pharmaceutical-08\/wp-json\/wp\/v2\/pages\/2","dynamic-page":"no","astra-page-url":"\/\/websitedemos.net\/pharmaceutical-08\/","astra-sites-tag":{"423":"home"},"site-pages-type":"free","site-pages-page-builder":"gutenberg","site-pages-category":[],"site-pages-parent-category":{"60":"business","61":"free"},"required-plugins":[{"slug":"ultimate-addons-for-gutenberg","init":"ultimate-addons-for-gutenberg\/ultimate-addons-for-gutenberg.php","name":"Spectra"}]},"id-71405":{"title":"Company","featured-image-url":"https:\/\/websitedemos.net\/wp-content\/uploads\/2023\/02\/pharmaceutical-08-company.jpg","thumbnail-image-url":"https:\/\/websitedemos.net\/wp-content\/uploads\/2023\/02\/pharmaceutical-08-company-600x2194.jpg","astra-page-api-url":"https:\/\/websitedemos.net\/pharmaceutical-08\/wp-json\/wp\/v2\/pages\/22","dynamic-page":"no","astra-page-url":"\/\/websitedemos.net\/pharmaceutical-08\/company\/","astra-sites-tag":{"979":"company"},"site-pages-type":"free","site-pages-page-builder":"gutenberg","site-pages-category":[],"site-pages-parent-category":{"60":"business","61":"free"},"required-plugins":[{"slug":"ultimate-addons-for-gutenberg","init":"ultimate-addons-for-gutenberg\/ultimate-addons-for-gutenberg.php","name":"Spectra"}]},"id-71409":{"title":"R &#038; D","featured-image-url":"https:\/\/websitedemos.net\/wp-content\/uploads\/2023\/02\/pharmaceutical-08-rd.jpg","thumbnail-image-url":"https:\/\/websitedemos.net\/wp-content\/uploads\/2023\/02\/pharmaceutical-08-rd-600x1892.jpg","astra-page-api-url":"https:\/\/websitedemos.net\/pharmaceutical-08\/wp-json\/wp\/v2\/pages\/24","dynamic-page":"no","astra-page-url":"\/\/websitedemos.net\/pharmaceutical-08\/r-d\/","astra-sites-tag":{"3085":"r-d"},"site-pages-type":"free","site-pages-page-builder":"gutenberg","site-pages-category":[],"site-pages-parent-category":{"60":"business","61":"free"},"required-plugins":[{"slug":"ultimate-addons-for-gutenberg","init":"ultimate-addons-for-gutenberg\/ultimate-addons-for-gutenberg.php","name":"Spectra"}]},"id-71408":{"title":"Products","featured-image-url":"https:\/\/websitedemos.net\/wp-content\/uploads\/2023\/02\/pharmaceutical-08-products.jpg","thumbnail-image-url":"https:\/\/websitedemos.net\/wp-content\/uploads\/2023\/02\/pharmaceutical-08-products-600x2210.jpg","astra-page-api-url":"https:\/\/websitedemos.net\/pharmaceutical-08\/wp-json\/wp\/v2\/pages\/23","dynamic-page":"no","astra-page-url":"\/\/websitedemos.net\/pharmaceutical-08\/products\/","astra-sites-tag":{"540":"products"},"site-pages-type":"free","site-pages-page-builder":"gutenberg","site-pages-category":[],"site-pages-parent-category":{"60":"business","61":"free"},"required-plugins":[{"slug":"ultimate-addons-for-gutenberg","init":"ultimate-addons-for-gutenberg\/ultimate-addons-for-gutenberg.php","name":"Spectra"}]},"id-71406":{"title":"Contact","featured-image-url":"https:\/\/websitedemos.net\/wp-content\/uploads\/2023\/02\/pharmaceutical-08-contact.jpg","thumbnail-image-url":"https:\/\/websitedemos.net\/wp-content\/uploads\/2023\/02\/pharmaceutical-08-contact-600x1494.jpg","astra-page-api-url":"https:\/\/websitedemos.net\/pharmaceutical-08\/wp-json\/wp\/v2\/pages\/25","dynamic-page":"no","astra-page-url":"\/\/websitedemos.net\/pharmaceutical-08\/contact\/","astra-sites-tag":{"415":"contact"},"site-pages-type":"free","site-pages-page-builder":"gutenberg","site-pages-category":[],"site-pages-parent-category":{"60":"business","61":"free"},"required-plugins":[{"slug":"ultimate-addons-for-gutenberg","init":"ultimate-addons-for-gutenberg\/ultimate-addons-for-gutenberg.php","name":"Spectra"},{"slug":"sureforms","init":"sureforms\/sureforms.php","name":"SureForms"}]}},"related-bb-template":"","related-elementor-template":"","related-gutenberg-template":"","related_ecommerce_template":"","ecommerce_parent_template":""},"id-87438":{"title":"Water Sports","id":87438,"publish-date":1709053353,"featured-image-url":"https:\/\/websitedemos.net\/wp-content\/uploads\/2024\/02\/water-sport-07.jpg","thumbnail-image-url":"https:\/\/websitedemos.net\/wp-content\/uploads\/2024\/02\/water-sport-07-600x2694.jpg","fullpage-thumbnail-image-url":"https:\/\/websitedemos.net\/wp-content\/uploads\/2024\/02\/water-sport-07-400x1796.jpg","astra-site-url":"\/\/websitedemos.net\/water-sports-07","astra-site-parent-id":3537,"astra-sites-tag":{"544":"adventure","1918":"beach","1917":"beach-sports","1921":"sailing","546":"sports","1919":"summer-sports","1914":"surfing","1920":"vacations","1916":"water","1915":"water-ski","1913":"water-sports"},"astra-sites-type":"agency-mini","astra-site-category":{"27":"business"},"astra-sites-template-category":{"2777":"business","2826":"sports"},"astra-site-page-builder":"gutenberg","categories":{"2498":"hotel-travel"},"required-plugins":[{"slug":"ultimate-addons-for-gutenberg","init":"ultimate-addons-for-gutenberg\/ultimate-addons-for-gutenberg.php","name":"Spectra"},{"slug":"sureforms","init":"sureforms\/sureforms.php","name":"SureForms"}],"post-status":"publish","post-content":"","post-excerpt":"","pages":{"id-87442":{"title":"Home","featured-image-url":"https:\/\/websitedemos.net\/wp-content\/uploads\/2024\/02\/water-sport-07.jpg","thumbnail-image-url":"https:\/\/websitedemos.net\/wp-content\/uploads\/2024\/02\/water-sport-07-600x2694.jpg","astra-page-api-url":"https:\/\/websitedemos.net\/water-sports-07\/wp-json\/wp\/v2\/pages\/1090","dynamic-page":"no","astra-page-url":"\/\/websitedemos.net\/water-sports-07\/","astra-sites-tag":{"423":"home"},"site-pages-type":"agency-mini","site-pages-page-builder":"gutenberg","site-pages-category":[],"site-pages-parent-category":{"60":"business"},"required-plugins":[{"slug":"ultimate-addons-for-gutenberg","init":"ultimate-addons-for-gutenberg\/ultimate-addons-for-gutenberg.php","name":"Spectra"},{"slug":"sureforms","init":"sureforms\/sureforms.php","name":"SureForms"}]},"id-87439":{"title":"About","featured-image-url":"https:\/\/websitedemos.net\/wp-content\/uploads\/2024\/02\/water-sport-07-about.jpg","thumbnail-image-url":"https:\/\/websitedemos.net\/wp-content\/uploads\/2024\/02\/water-sport-07-about-600x1612.jpg","astra-page-api-url":"https:\/\/websitedemos.net\/water-sports-07\/wp-json\/wp\/v2\/pages\/1096","dynamic-page":"no","astra-page-url":"\/\/websitedemos.net\/water-sports-07\/about\/","astra-sites-tag":{"352":"about"},"site-pages-type":"agency-mini","site-pages-page-builder":"gutenberg","site-pages-category":[],"site-pages-parent-category":{"60":"business"},"required-plugins":[{"slug":"ultimate-addons-for-gutenberg","init":"ultimate-addons-for-gutenberg\/ultimate-addons-for-gutenberg.php","name":"Spectra"},{"slug":"sureforms","init":"sureforms\/sureforms.php","name":"SureForms"}]},"id-87440":{"title":"Activities","featured-image-url":"https:\/\/websitedemos.net\/wp-content\/uploads\/2024\/02\/water-sport-07-activity.jpg","thumbnail-image-url":"https:\/\/websitedemos.net\/wp-content\/uploads\/2024\/02\/water-sport-07-activity-600x1824.jpg","astra-page-api-url":"https:\/\/websitedemos.net\/water-sports-07\/wp-json\/wp\/v2\/pages\/1098","dynamic-page":"no","astra-page-url":"\/\/websitedemos.net\/water-sports-07\/activities\/","astra-sites-tag":{"1922":"activities"},"site-pages-type":"agency-mini","site-pages-page-builder":"gutenberg","site-pages-category":[],"site-pages-parent-category":{"60":"business"},"required-plugins":[{"slug":"ultimate-addons-for-gutenberg","init":"ultimate-addons-for-gutenberg\/ultimate-addons-for-gutenberg.php","name":"Spectra"},{"slug":"sureforms","init":"sureforms\/sureforms.php","name":"SureForms"}]},"id-87443":{"title":"Testimonials","featured-image-url":"https:\/\/websitedemos.net\/wp-content\/uploads\/2024\/02\/water-sport-07-testimonials.jpg","thumbnail-image-url":"https:\/\/websitedemos.net\/wp-content\/uploads\/2024\/02\/water-sport-07-testimonials-600x1277.jpg","astra-page-api-url":"https:\/\/websitedemos.net\/water-sports-07\/wp-json\/wp\/v2\/pages\/1100","dynamic-page":"no","astra-page-url":"\/\/websitedemos.net\/water-sports-07\/testimonials\/","astra-sites-tag":{"433":"testimonials"},"site-pages-type":"agency-mini","site-pages-page-builder":"gutenberg","site-pages-category":[],"site-pages-parent-category":{"60":"business"},"required-plugins":[{"slug":"ultimate-addons-for-gutenberg","init":"ultimate-addons-for-gutenberg\/ultimate-addons-for-gutenberg.php","name":"Spectra"},{"slug":"sureforms","init":"sureforms\/sureforms.php","name":"SureForms"}]},"id-87441":{"title":"Contact Us","featured-image-url":"https:\/\/websitedemos.net\/wp-content\/uploads\/2024\/02\/water-sport-07-contact.jpg","thumbnail-image-url":"https:\/\/websitedemos.net\/wp-content\/uploads\/2024\/02\/water-sport-07-contact-600x1041.jpg","astra-page-api-url":"https:\/\/websitedemos.net\/water-sports-07\/wp-json\/wp\/v2\/pages\/1102","dynamic-page":"no","astra-page-url":"\/\/websitedemos.net\/water-sports-07\/contact-us\/","astra-sites-tag":{"415":"contact"},"site-pages-type":"agency-mini","site-pages-page-builder":"gutenberg","site-pages-category":[],"site-pages-parent-category":{"60":"business"},"required-plugins":[{"slug":"ultimate-addons-for-gutenberg","init":"ultimate-addons-for-gutenberg\/ultimate-addons-for-gutenberg.php","name":"Spectra"},{"slug":"sureforms","init":"sureforms\/sureforms.php","name":"SureForms"}]}},"related-bb-template":"","related-elementor-template":"","related-gutenberg-template":"","related_ecommerce_template":"","ecommerce_parent_template":""},"id-94081":{"title":"Faithful Gathering","id":94081,"publish-date":1736427047,"featured-image-url":"https:\/\/websitedemos.net\/wp-content\/uploads\/2025\/01\/faithfulgathering-church-07.jpg","thumbnail-image-url":"https:\/\/websitedemos.net\/wp-content\/uploads\/2025\/01\/faithfulgathering-church-07-600x1591.jpg","fullpage-thumbnail-image-url":"https:\/\/websitedemos.net\/wp-content\/uploads\/2025\/01\/faithfulgathering-church-07-400x1060.jpg","astra-site-url":"\/\/websitedemos.net\/faithfulgathering-church-07","astra-site-parent-id":3650,"astra-sites-tag":{"897":"catholic-church","625":"charity","893":"church","898":"community-church","735":"donate","1844":"premium"},"astra-sites-type":"agency-mini","astra-site-category":{"36":"other"},"astra-sites-template-category":{"2786":"charity-nonprofit","2789":"church","2864":"community","2872":"donation-fundraiser","2784":"event"},"astra-site-page-builder":"gutenberg","categories":{"2492":"non-profit","3429":"premium"},"required-plugins":[{"slug":"astra-addon","init":"astra-addon\/astra-addon.php","name":"Astra Pro"},{"slug":"ultimate-addons-for-gutenberg","init":"ultimate-addons-for-gutenberg\/ultimate-addons-for-gutenberg.php","name":"Spectra"},{"slug":"sureforms","init":"sureforms\/sureforms.php","name":"SureForms"}],"post-status":"publish","post-content":"","post-excerpt":"The Faithful Gathering Church template is ready to welcome everyone","pages":{"id-94086":{"title":"Services","featured-image-url":"https:\/\/websitedemos.net\/wp-content\/uploads\/2025\/01\/faithfulgathering-church-07-services.jpg","thumbnail-image-url":"https:\/\/websitedemos.net\/wp-content\/uploads\/2025\/01\/faithfulgathering-church-07-services-600x1557.jpg","astra-page-api-url":"https:\/\/websitedemos.net\/faithfulgathering-church-07\/wp-json\/wp\/v2\/pages\/1405","dynamic-page":"no","astra-page-url":"\/\/websitedemos.net\/faithfulgathering-church-07\/services\/","astra-sites-tag":{"2518":"business-services"},"site-pages-type":"agency-mini","site-pages-page-builder":"gutenberg","site-pages-category":[],"site-pages-parent-category":{"139":"other"},"required-plugins":[{"slug":"astra-addon","init":"astra-addon\/astra-addon.php","name":"Astra Pro"},{"slug":"ultimate-addons-for-gutenberg","init":"ultimate-addons-for-gutenberg\/ultimate-addons-for-gutenberg.php","name":"Spectra"}]},"id-94082":{"title":"About","featured-image-url":"https:\/\/websitedemos.net\/wp-content\/uploads\/2025\/01\/faithfulgathering-church-07-about.jpg","thumbnail-image-url":"https:\/\/websitedemos.net\/wp-content\/uploads\/2025\/01\/faithfulgathering-church-07-about-600x1662.jpg","astra-page-api-url":"https:\/\/websitedemos.net\/faithfulgathering-church-07\/wp-json\/wp\/v2\/pages\/1398","dynamic-page":"no","astra-page-url":"\/\/websitedemos.net\/faithfulgathering-church-07\/about\/","astra-sites-tag":{"352":"about"},"site-pages-type":"agency-mini","site-pages-page-builder":"gutenberg","site-pages-category":[],"site-pages-parent-category":{"139":"other"},"required-plugins":[{"slug":"astra-addon","init":"astra-addon\/astra-addon.php","name":"Astra Pro"},{"slug":"ultimate-addons-for-gutenberg","init":"ultimate-addons-for-gutenberg\/ultimate-addons-for-gutenberg.php","name":"Spectra"}]},"id-94083":{"title":"Contact","featured-image-url":"https:\/\/websitedemos.net\/wp-content\/uploads\/2025\/01\/faithfulgathering-church-07-contact.jpg","thumbnail-image-url":"https:\/\/websitedemos.net\/wp-content\/uploads\/2025\/01\/faithfulgathering-church-07-contact-600x823.jpg","astra-page-api-url":"https:\/\/websitedemos.net\/faithfulgathering-church-07\/wp-json\/wp\/v2\/pages\/1426","dynamic-page":"no","astra-page-url":"\/\/websitedemos.net\/faithfulgathering-church-07\/contact\/","astra-sites-tag":{"415":"contact"},"site-pages-type":"agency-mini","site-pages-page-builder":"gutenberg","site-pages-category":[],"site-pages-parent-category":{"139":"other"},"required-plugins":[{"slug":"ultimate-addons-for-gutenberg","init":"ultimate-addons-for-gutenberg\/ultimate-addons-for-gutenberg.php","name":"Spectra"},{"slug":"sureforms","init":"sureforms\/sureforms.php","name":"SureForms"}]},"id-94084":{"title":"Events","featured-image-url":"https:\/\/websitedemos.net\/wp-content\/uploads\/2025\/01\/faithfulgathering-church-07-event.jpg","thumbnail-image-url":"https:\/\/websitedemos.net\/wp-content\/uploads\/2025\/01\/faithfulgathering-church-07-event-600x769.jpg","astra-page-api-url":"https:\/\/websitedemos.net\/faithfulgathering-church-07\/wp-json\/wp\/v2\/pages\/1403","dynamic-page":"no","astra-page-url":"\/\/websitedemos.net\/faithfulgathering-church-07\/events\/","astra-sites-tag":{"409":"event"},"site-pages-type":"agency-mini","site-pages-page-builder":"gutenberg","site-pages-category":[],"site-pages-parent-category":{"139":"other"},"required-plugins":[{"slug":"astra-addon","init":"astra-addon\/astra-addon.php","name":"Astra Pro"},{"slug":"ultimate-addons-for-gutenberg","init":"ultimate-addons-for-gutenberg\/ultimate-addons-for-gutenberg.php","name":"Spectra"}]},"id-94085":{"title":"Home","featured-image-url":"https:\/\/websitedemos.net\/wp-content\/uploads\/2025\/01\/faithfulgathering-church-07.jpg","thumbnail-image-url":"https:\/\/websitedemos.net\/wp-content\/uploads\/2025\/01\/faithfulgathering-church-07-600x1591.jpg","astra-page-api-url":"https:\/\/websitedemos.net\/faithfulgathering-church-07\/wp-json\/wp\/v2\/pages\/1407","dynamic-page":"no","astra-page-url":"\/\/websitedemos.net\/faithfulgathering-church-07\/","astra-sites-tag":{"423":"home"},"site-pages-type":"agency-mini","site-pages-page-builder":"gutenberg","site-pages-category":[],"site-pages-parent-category":{"139":"other"},"required-plugins":[{"slug":"astra-addon","init":"astra-addon\/astra-addon.php","name":"Astra Pro"},{"slug":"ultimate-addons-for-gutenberg","init":"ultimate-addons-for-gutenberg\/ultimate-addons-for-gutenberg.php","name":"Spectra"}]}},"related-bb-template":"","related-elementor-template":"","related-gutenberg-template":"","related_ecommerce_template":"","ecommerce_parent_template":""},"id-71384":{"title":"Learn Oil Painting","id":71384,"publish-date":1675765696,"featured-image-url":"https:\/\/websitedemos.net\/wp-content\/uploads\/2023\/02\/learn-oil-painting-08.jpg","thumbnail-image-url":"https:\/\/websitedemos.net\/wp-content\/uploads\/2023\/02\/learn-oil-painting-08-600x2033.jpg","fullpage-thumbnail-image-url":"https:\/\/websitedemos.net\/wp-content\/uploads\/2023\/02\/learn-oil-painting-08-400x1355.jpg","astra-site-url":"\/\/websitedemos.net\/learn-oil-painting-08","astra-site-parent-id":3083,"astra-sites-tag":{"462":"courses","467":"learndash","975":"online-learning","720":"tutorials"},"astra-sites-type":"free","astra-site-category":{"27":"business","39":"free"},"astra-sites-template-category":{"2802":"artist","2825":"coaching","2835":"elearning","2880":"membership","2827":"online-course","2770":"personal","2873":"tutor"},"astra-site-page-builder":"gutenberg","categories":{"2494":"elearning"},"required-plugins":[{"slug":"sfwd-lms","init":"sfwd-lms\/sfwd_lms.php","name":"LearnDash LMS"},{"slug":"learndash-course-grid","init":"learndash-course-grid\/learndash_course_grid.php","name":"LearnDash LMS - Course Grid"},{"slug":"ultimate-addons-for-gutenberg","init":"ultimate-addons-for-gutenberg\/ultimate-addons-for-gutenberg.php","name":"Spectra"},{"slug":"sureforms","init":"sureforms\/sureforms.php","name":"SureForms"}],"post-status":"publish","post-content":"","post-excerpt":"","pages":{"id-71388":{"title":"Home","featured-image-url":"https:\/\/websitedemos.net\/wp-content\/uploads\/2023\/02\/learn-oil-painting-08.jpg","thumbnail-image-url":"https:\/\/websitedemos.net\/wp-content\/uploads\/2023\/02\/learn-oil-painting-08-600x2033.jpg","astra-page-api-url":"https:\/\/websitedemos.net\/learn-oil-painting-08\/wp-json\/wp\/v2\/pages\/736","dynamic-page":"no","astra-page-url":"\/\/websitedemos.net\/learn-oil-painting-08\/","astra-sites-tag":{"423":"home"},"site-pages-type":"free","site-pages-page-builder":"gutenberg","site-pages-category":[],"site-pages-parent-category":{"60":"business","61":"free"},"required-plugins":[{"slug":"sfwd-lms","init":"sfwd-lms\/sfwd_lms.php","name":"LearnDash LMS"},{"slug":"learndash-course-grid","init":"learndash-course-grid\/learndash_course_grid.php","name":"LearnDash LMS - Course Grid"},{"slug":"ultimate-addons-for-gutenberg","init":"ultimate-addons-for-gutenberg\/ultimate-addons-for-gutenberg.php","name":"Spectra"}]},"id-71385":{"title":"About","featured-image-url":"https:\/\/websitedemos.net\/wp-content\/uploads\/2023\/02\/learn-oil-painting-08-about.jpg","thumbnail-image-url":"https:\/\/websitedemos.net\/wp-content\/uploads\/2023\/02\/learn-oil-painting-08-about-600x940.jpg","astra-page-api-url":"https:\/\/websitedemos.net\/learn-oil-painting-08\/wp-json\/wp\/v2\/pages\/739","dynamic-page":"no","astra-page-url":"\/\/websitedemos.net\/learn-oil-painting-08\/about\/","astra-sites-tag":{"352":"about"},"site-pages-type":"free","site-pages-page-builder":"gutenberg","site-pages-category":[],"site-pages-parent-category":{"60":"business","61":"free"},"required-plugins":[{"slug":"ultimate-addons-for-gutenberg","init":"ultimate-addons-for-gutenberg\/ultimate-addons-for-gutenberg.php","name":"Spectra"}]},"id-71386":{"title":"Classes","featured-image-url":"https:\/\/websitedemos.net\/wp-content\/uploads\/2023\/02\/learn-oil-painting-08-classes.jpg","thumbnail-image-url":"https:\/\/websitedemos.net\/wp-content\/uploads\/2023\/02\/learn-oil-painting-08-classes-600x1344.jpg","astra-page-api-url":"https:\/\/websitedemos.net\/learn-oil-painting-08\/wp-json\/wp\/v2\/pages\/738","dynamic-page":"no","astra-page-url":"\/\/websitedemos.net\/learn-oil-painting-08\/classes\/","astra-sites-tag":{"557":"classes"},"site-pages-type":"free","site-pages-page-builder":"gutenberg","site-pages-category":[],"site-pages-parent-category":{"60":"business","61":"free"},"required-plugins":[{"slug":"sfwd-lms","init":"sfwd-lms\/sfwd_lms.php","name":"LearnDash LMS"},{"slug":"learndash-course-grid","init":"learndash-course-grid\/learndash_course_grid.php","name":"LearnDash LMS - Course Grid"},{"slug":"ultimate-addons-for-gutenberg","init":"ultimate-addons-for-gutenberg\/ultimate-addons-for-gutenberg.php","name":"Spectra"}]},"id-71387":{"title":"Contact","featured-image-url":"https:\/\/websitedemos.net\/wp-content\/uploads\/2023\/02\/learn-oil-painting-08-contact.jpg","thumbnail-image-url":"https:\/\/websitedemos.net\/wp-content\/uploads\/2023\/02\/learn-oil-painting-08-contact-600x920.jpg","astra-page-api-url":"https:\/\/websitedemos.net\/learn-oil-painting-08\/wp-json\/wp\/v2\/pages\/740","dynamic-page":"no","astra-page-url":"\/\/websitedemos.net\/learn-oil-painting-08\/contact\/","astra-sites-tag":{"415":"contact"},"site-pages-type":"free","site-pages-page-builder":"gutenberg","site-pages-category":[],"site-pages-parent-category":{"60":"business","61":"free"},"required-plugins":[{"slug":"ultimate-addons-for-gutenberg","init":"ultimate-addons-for-gutenberg\/ultimate-addons-for-gutenberg.php","name":"Spectra"},{"slug":"sureforms","init":"sureforms\/sureforms.php","name":"SureForms"}]}},"related-bb-template":"","related-elementor-template":"","related-gutenberg-template":"","related_ecommerce_template":"","ecommerce_parent_template":""},"id-87360":{"title":"Flavio Restaurant","id":87360,"publish-date":1709049690,"featured-image-url":"https:\/\/websitedemos.net\/wp-content\/uploads\/2024\/02\/flavio-restaurant-07.jpg","thumbnail-image-url":"https:\/\/websitedemos.net\/wp-content\/uploads\/2024\/02\/flavio-restaurant-07-600x2430.jpg","fullpage-thumbnail-image-url":"https:\/\/websitedemos.net\/wp-content\/uploads\/2024\/02\/flavio-restaurant-07-400x1620.jpg","astra-site-url":"\/\/websitedemos.net\/flavio-restaurant-07","astra-site-parent-id":3531,"astra-sites-tag":{"3070":"delicious-food-restaurant","561":"eatery","336":"food","2067":"food-and-restaurant","1579":"food-menu","559":"outlet","1844":"premium","335":"restaurant","970":"restro"},"astra-sites-type":"agency-mini","astra-site-category":{"27":"business"},"astra-sites-template-category":{"2777":"business","2785":"food","2876":"food-ordering","2776":"restaurant"},"astra-site-page-builder":"gutenberg","categories":{"2496":"restaurant-food"},"required-plugins":[{"slug":"ultimate-addons-for-gutenberg","init":"ultimate-addons-for-gutenberg\/ultimate-addons-for-gutenberg.php","name":"Spectra"},{"slug":"sureforms","init":"sureforms\/sureforms.php","name":"SureForms"}],"post-status":"publish","post-content":"","post-excerpt":"","pages":{"id-87363":{"title":"Home","featured-image-url":"https:\/\/websitedemos.net\/wp-content\/uploads\/2024\/02\/flavio-restaurant-07.jpg","thumbnail-image-url":"https:\/\/websitedemos.net\/wp-content\/uploads\/2024\/02\/flavio-restaurant-07-600x2430.jpg","astra-page-api-url":"https:\/\/websitedemos.net\/flavio-restaurant-07\/wp-json\/wp\/v2\/pages\/802","dynamic-page":"no","astra-page-url":"\/\/websitedemos.net\/flavio-restaurant-07\/","astra-sites-tag":{"423":"home"},"site-pages-type":"agency-mini","site-pages-page-builder":"gutenberg","site-pages-category":[],"site-pages-parent-category":{"60":"business"},"required-plugins":[{"slug":"ultimate-addons-for-gutenberg","init":"ultimate-addons-for-gutenberg\/ultimate-addons-for-gutenberg.php","name":"Spectra"},{"slug":"sureforms","init":"sureforms\/sureforms.php","name":"SureForms"}]},"id-87364":{"title":"Our Menu","featured-image-url":"https:\/\/websitedemos.net\/wp-content\/uploads\/2024\/02\/flavio-restaurant-07-our-menu.jpg","thumbnail-image-url":"https:\/\/websitedemos.net\/wp-content\/uploads\/2024\/02\/flavio-restaurant-07-our-menu-600x1535.jpg","astra-page-api-url":"https:\/\/websitedemos.net\/flavio-restaurant-07\/wp-json\/wp\/v2\/pages\/803","dynamic-page":"no","astra-page-url":"\/\/websitedemos.net\/flavio-restaurant-07\/our-menu\/","astra-sites-tag":{"1578":"our-menu"},"site-pages-type":"agency-mini","site-pages-page-builder":"gutenberg","site-pages-category":[],"site-pages-parent-category":{"60":"business"},"required-plugins":[{"slug":"ultimate-addons-for-gutenberg","init":"ultimate-addons-for-gutenberg\/ultimate-addons-for-gutenberg.php","name":"Spectra"},{"slug":"sureforms","init":"sureforms\/sureforms.php","name":"SureForms"}]},"id-87362":{"title":"History","featured-image-url":"https:\/\/websitedemos.net\/wp-content\/uploads\/2024\/02\/flavio-restaurant-07-history.jpg","thumbnail-image-url":"https:\/\/websitedemos.net\/wp-content\/uploads\/2024\/02\/flavio-restaurant-07-history-600x2094.jpg","astra-page-api-url":"https:\/\/websitedemos.net\/flavio-restaurant-07\/wp-json\/wp\/v2\/pages\/804","dynamic-page":"no","astra-page-url":"\/\/websitedemos.net\/flavio-restaurant-07\/history\/","astra-sites-tag":{"645":"history"},"site-pages-type":"agency-mini","site-pages-page-builder":"gutenberg","site-pages-category":[],"site-pages-parent-category":{"60":"business"},"required-plugins":[{"slug":"ultimate-addons-for-gutenberg","init":"ultimate-addons-for-gutenberg\/ultimate-addons-for-gutenberg.php","name":"Spectra"},{"slug":"sureforms","init":"sureforms\/sureforms.php","name":"SureForms"}]},"id-87361":{"title":"Contact","featured-image-url":"https:\/\/websitedemos.net\/wp-content\/uploads\/2024\/02\/flavio-restaurant-07-contact.jpg","thumbnail-image-url":"https:\/\/websitedemos.net\/wp-content\/uploads\/2024\/02\/flavio-restaurant-07-contact-600x965.jpg","astra-page-api-url":"https:\/\/websitedemos.net\/flavio-restaurant-07\/wp-json\/wp\/v2\/pages\/805","dynamic-page":"no","astra-page-url":"\/\/websitedemos.net\/flavio-restaurant-07\/contact\/","astra-sites-tag":{"415":"contact"},"site-pages-type":"agency-mini","site-pages-page-builder":"gutenberg","site-pages-category":[],"site-pages-parent-category":{"60":"business"},"required-plugins":[{"slug":"ultimate-addons-for-gutenberg","init":"ultimate-addons-for-gutenberg\/ultimate-addons-for-gutenberg.php","name":"Spectra"}]}},"related-bb-template":"","related-elementor-template":"","related-gutenberg-template":"","related_ecommerce_template":"","ecommerce_parent_template":""},"id-75380":{"title":"Skin Cleanser Store","id":75380,"publish-date":1690986487,"featured-image-url":"https:\/\/websitedemos.net\/wp-content\/uploads\/2023\/08\/skin-cleanser-stores-08.jpg","thumbnail-image-url":"https:\/\/websitedemos.net\/wp-content\/uploads\/2023\/08\/skin-cleanser-stores-08-600x3059.jpg","fullpage-thumbnail-image-url":"https:\/\/websitedemos.net\/wp-content\/uploads\/2023\/08\/skin-cleanser-stores-08-400x2039.jpg","astra-site-url":"\/\/websitedemos.net\/skin-cleanser-stores-08","astra-site-parent-id":3369,"astra-sites-tag":{"2418":"commerce","1017":"e-commerce","496":"ecommerce","1817":"ecommerce-store","2419":"eshopping","2392":"online-beauty-store","2422":"online-market","732":"online-shop","2420":"online-shopping","383":"online-store","2421":"purchases","2417":"reseller","733":"shop","2416":"shopping","2391":"skin-beauty","1127":"skin-care","2380":"skin-cleanser-store","749":"store"},"astra-sites-type":"free","astra-site-category":{"38":"ecommerce","39":"free"},"astra-sites-template-category":{"2790":"beauty-fashion","2777":"business","2769":"ecommerce","2857":"online-shopping"},"astra-site-page-builder":"gutenberg","categories":{"2495":"ecommerce"},"required-plugins":[{"slug":"ultimate-addons-for-gutenberg","init":"ultimate-addons-for-gutenberg\/ultimate-addons-for-gutenberg.php","name":"Spectra"},{"slug":"surecart","init":"surecart\/surecart.php","name":"SureCart"},{"slug":"sureforms","init":"sureforms\/sureforms.php","name":"SureForms"}],"post-status":"publish","post-content":"","post-excerpt":"","pages":{"id-75383":{"title":"Home","featured-image-url":"https:\/\/websitedemos.net\/wp-content\/uploads\/2023\/08\/skin-cleanser-stores-08.jpg","thumbnail-image-url":"https:\/\/websitedemos.net\/wp-content\/uploads\/2023\/08\/skin-cleanser-stores-08-600x3059.jpg","astra-page-api-url":"https:\/\/websitedemos.net\/skin-cleanser-stores-08\/wp-json\/wp\/v2\/pages\/1788","dynamic-page":"yes","astra-page-url":"\/\/websitedemos.net\/skin-cleanser-stores-08\/","astra-sites-tag":{"423":"home"},"site-pages-type":"free","site-pages-page-builder":"gutenberg","site-pages-category":[],"site-pages-parent-category":{"64":"ecommerce","61":"free"},"required-plugins":[{"slug":"ultimate-addons-for-gutenberg","init":"ultimate-addons-for-gutenberg\/ultimate-addons-for-gutenberg.php","name":"Spectra"},{"slug":"surecart","init":"surecart\/surecart.php","name":"SureCart"}]},"id-75381":{"title":"About","featured-image-url":"https:\/\/websitedemos.net\/wp-content\/uploads\/2023\/08\/skin-cleanser-stores-08-about.jpg","thumbnail-image-url":"https:\/\/websitedemos.net\/wp-content\/uploads\/2023\/08\/skin-cleanser-stores-08-about-600x1713.jpg","astra-page-api-url":"https:\/\/websitedemos.net\/skin-cleanser-stores-08\/wp-json\/wp\/v2\/pages\/1789","dynamic-page":"no","astra-page-url":"\/\/websitedemos.net\/skin-cleanser-stores-08\/about\/","astra-sites-tag":{"352":"about"},"site-pages-type":"free","site-pages-page-builder":"gutenberg","site-pages-category":[],"site-pages-parent-category":{"64":"ecommerce","61":"free"},"required-plugins":[{"slug":"ultimate-addons-for-gutenberg","init":"ultimate-addons-for-gutenberg\/ultimate-addons-for-gutenberg.php","name":"Spectra"}]},"id-75511":{"title":"Shop","featured-image-url":"","thumbnail-image-url":"","astra-page-api-url":"https:\/\/websitedemos.net\/skin-cleanser-stores-08\/wp-json\/wp\/v2\/pages\/285","dynamic-page":"no","astra-page-url":"\/\/websitedemos.net\/skin-cleanser-stores-08\/shop\/","astra-sites-tag":[],"site-pages-type":"free","site-pages-page-builder":"gutenberg","site-pages-category":[],"site-pages-parent-category":{"64":"ecommerce","61":"free"},"required-plugins":[{"slug":"surecart","init":"surecart\/surecart.php","name":"SureCart"}]},"id-75509":{"title":"Checkout","featured-image-url":"","thumbnail-image-url":"","astra-page-api-url":"https:\/\/websitedemos.net\/skin-cleanser-stores-08\/wp-json\/wp\/v2\/pages\/282","dynamic-page":"no","astra-page-url":"\/\/websitedemos.net\/skin-cleanser-stores-08\/checkout\/","astra-sites-tag":[],"site-pages-type":"free","site-pages-page-builder":"gutenberg","site-pages-category":[],"site-pages-parent-category":{"64":"ecommerce","61":"free"},"required-plugins":[{"slug":"surecart","init":"surecart\/surecart.php","name":"SureCart"}]},"id-75510":{"title":"Dashboard","featured-image-url":"","thumbnail-image-url":"","astra-page-api-url":"https:\/\/websitedemos.net\/skin-cleanser-stores-08\/wp-json\/wp\/v2\/pages\/283","dynamic-page":"no","astra-page-url":"\/\/websitedemos.net\/skin-cleanser-stores-08\/customer-dashboard\/","astra-sites-tag":[],"site-pages-type":"free","site-pages-page-builder":"gutenberg","site-pages-category":[],"site-pages-parent-category":{"64":"ecommerce","61":"free"},"required-plugins":[{"slug":"surecart","init":"surecart\/surecart.php","name":"SureCart"}]},"id-75382":{"title":"Contact","featured-image-url":"https:\/\/websitedemos.net\/wp-content\/uploads\/2023\/08\/skin-cleanser-stores-08-contact.jpg","thumbnail-image-url":"https:\/\/websitedemos.net\/wp-content\/uploads\/2023\/08\/skin-cleanser-stores-08-contact-600x1309.jpg","astra-page-api-url":"https:\/\/websitedemos.net\/skin-cleanser-stores-08\/wp-json\/wp\/v2\/pages\/1790","dynamic-page":"no","astra-page-url":"\/\/websitedemos.net\/skin-cleanser-stores-08\/contact\/","astra-sites-tag":{"415":"contact"},"site-pages-type":"free","site-pages-page-builder":"gutenberg","site-pages-category":[],"site-pages-parent-category":{"64":"ecommerce","61":"free"},"required-plugins":[{"slug":"ultimate-addons-for-gutenberg","init":"ultimate-addons-for-gutenberg\/ultimate-addons-for-gutenberg.php","name":"Spectra"},{"slug":"sureforms","init":"sureforms\/sureforms.php","name":"SureForms"}]}},"related-bb-template":"","related-elementor-template":"","related-gutenberg-template":"","related_ecommerce_template":71072,"ecommerce_parent_template":""},"id-71072":{"title":"Skin Cleanser Store","id":71072,"publish-date":1672331775,"featured-image-url":"https:\/\/websitedemos.net\/wp-content\/uploads\/2022\/12\/skin-cleanser-store-08.jpg","thumbnail-image-url":"https:\/\/websitedemos.net\/wp-content\/uploads\/2022\/12\/skin-cleanser-store-08-600x3296.jpg","fullpage-thumbnail-image-url":"https:\/\/websitedemos.net\/wp-content\/uploads\/2022\/12\/skin-cleanser-store-08-400x2197.jpg","astra-site-url":"\/\/websitedemos.net\/skin-cleanser-store-08","astra-site-parent-id":3054,"astra-sites-tag":{"2418":"commerce","1017":"e-commerce","496":"ecommerce","1817":"ecommerce-store","2419":"eshopping","2392":"online-beauty-store","2422":"online-market","732":"online-shop","2420":"online-shopping","383":"online-store","2421":"purchases","2417":"reseller","733":"shop","2416":"shopping","2391":"skin-beauty","1127":"skin-care","2380":"skin-cleanser-store","749":"store","1024":"woocommerce"},"astra-sites-type":"free","astra-site-category":{"38":"ecommerce","39":"free"},"astra-sites-template-category":{"2790":"beauty-fashion","2777":"business","2769":"ecommerce","2857":"online-shopping"},"astra-site-page-builder":"gutenberg","categories":{"2495":"ecommerce"},"required-plugins":[{"slug":"ultimate-addons-for-gutenberg","init":"ultimate-addons-for-gutenberg\/ultimate-addons-for-gutenberg.php","name":"Spectra"},{"slug":"woocommerce","init":"woocommerce\/woocommerce.php","name":"WooCommerce"},{"slug":"woocommerce-payments","init":"woocommerce-payments\/woocommerce-payments.php","name":"WooPayments"},{"slug":"cartflows","init":"cartflows\/cartflows.php","name":"CartFlows"},{"slug":"sureforms","init":"sureforms\/sureforms.php","name":"SureForms"},{"slug":"woo-cart-abandonment-recovery","init":"woo-cart-abandonment-recovery\/woo-cart-abandonment-recovery.php","name":"WooCommerce Cart Abandonment Recovery"}],"post-status":"publish","post-content":"","post-excerpt":"","pages":{"id-71075":{"title":"Home","featured-image-url":"https:\/\/websitedemos.net\/wp-content\/uploads\/2022\/12\/skin-cleanser-store-08.jpg","thumbnail-image-url":"https:\/\/websitedemos.net\/wp-content\/uploads\/2022\/12\/skin-cleanser-store-08-600x3296.jpg","astra-page-api-url":"https:\/\/websitedemos.net\/skin-cleanser-store-08\/wp-json\/wp\/v2\/pages\/1113","dynamic-page":"yes","astra-page-url":"\/\/websitedemos.net\/skin-cleanser-store-08\/","astra-sites-tag":{"423":"home"},"site-pages-type":"free","site-pages-page-builder":"gutenberg","site-pages-category":[],"site-pages-parent-category":{"64":"ecommerce","61":"free"},"required-plugins":[{"slug":"cartflows","init":"cartflows\/cartflows.php","name":"CartFlows"},{"slug":"ultimate-addons-for-gutenberg","init":"ultimate-addons-for-gutenberg\/ultimate-addons-for-gutenberg.php","name":"Spectra"},{"slug":"woocommerce","init":"woocommerce\/woocommerce.php","name":"WooCommerce"},{"slug":"woo-cart-abandonment-recovery","init":"woo-cart-abandonment-recovery\/woo-cart-abandonment-recovery.php","name":"WooCommerce Cart Abandonment Recovery"},{"slug":"woocommerce-payments","init":"woocommerce-payments\/woocommerce-payments.php","name":"WooPayments"}]},"id-71073":{"title":"About","featured-image-url":"https:\/\/websitedemos.net\/wp-content\/uploads\/2022\/12\/skin-cleanser-store-08-about.jpg","thumbnail-image-url":"https:\/\/websitedemos.net\/wp-content\/uploads\/2022\/12\/skin-cleanser-store-08-about-600x1723.jpg","astra-page-api-url":"https:\/\/websitedemos.net\/skin-cleanser-store-08\/wp-json\/wp\/v2\/pages\/1116","dynamic-page":"no","astra-page-url":"\/\/websitedemos.net\/skin-cleanser-store-08\/about\/","astra-sites-tag":{"352":"about"},"site-pages-type":"free","site-pages-page-builder":"gutenberg","site-pages-category":[],"site-pages-parent-category":{"64":"ecommerce","61":"free"},"required-plugins":[{"slug":"ultimate-addons-for-gutenberg","init":"ultimate-addons-for-gutenberg\/ultimate-addons-for-gutenberg.php","name":"Spectra"}]},"id-71074":{"title":"Contact","featured-image-url":"https:\/\/websitedemos.net\/wp-content\/uploads\/2022\/12\/skin-cleanser-store-08-contact.jpg","thumbnail-image-url":"https:\/\/websitedemos.net\/wp-content\/uploads\/2022\/12\/skin-cleanser-store-08-contact-600x1291.jpg","astra-page-api-url":"https:\/\/websitedemos.net\/skin-cleanser-store-08\/wp-json\/wp\/v2\/pages\/1118","dynamic-page":"no","astra-page-url":"\/\/websitedemos.net\/skin-cleanser-store-08\/contact\/","astra-sites-tag":{"415":"contact"},"site-pages-type":"free","site-pages-page-builder":"gutenberg","site-pages-category":[],"site-pages-parent-category":{"64":"ecommerce","61":"free"},"required-plugins":[{"slug":"ultimate-addons-for-gutenberg","init":"ultimate-addons-for-gutenberg\/ultimate-addons-for-gutenberg.php","name":"Spectra"},{"slug":"sureforms","init":"sureforms\/sureforms.php","name":"SureForms"}]}},"related-bb-template":"","related-elementor-template":"","related-gutenberg-template":"","related_ecommerce_template":75380,"ecommerce_parent_template":75380},"id-95492":{"title":"Clothing Store","id":95492,"publish-date":1748883089,"featured-image-url":"https:\/\/websitedemos.net\/wp-content\/uploads\/2025\/06\/clothing-store-08.jpg","thumbnail-image-url":"https:\/\/websitedemos.net\/wp-content\/uploads\/2025\/06\/clothing-store-08-600x3249.jpg","fullpage-thumbnail-image-url":"https:\/\/websitedemos.net\/wp-content\/uploads\/2025\/06\/clothing-store-08-400x2166.jpg","astra-site-url":"\/\/websitedemos.net\/clothing-store-08","astra-site-parent-id":3697,"astra-sites-tag":{"639":"accessories","640":"cloth-store","2697":"clothes","637":"clothing","1017":"e-commerce","496":"ecommerce","2698":"fashion-clothes","2388":"online-cloths-store","2422":"online-market","732":"online-shop","2420":"online-shopping","383":"online-store","967":"product-store","733":"shop","2416":"shopping","749":"store","2906":"tshirt"},"astra-sites-type":"free","astra-site-category":{"38":"ecommerce"},"astra-sites-template-category":{"2777":"business","2769":"ecommerce","2858":"fashion-clothing","2857":"online-shopping"},"astra-site-page-builder":"gutenberg","categories":{"3435":"business","2495":"ecommerce"},"required-plugins":[{"slug":"ultimate-addons-for-gutenberg","init":"ultimate-addons-for-gutenberg\/ultimate-addons-for-gutenberg.php","name":"Spectra"},{"slug":"variation-swatches-woo","init":"variation-swatches-woo\/variation-swatches-woo.php","name":"Variation Swatches for WooCommerce"},{"slug":"woocommerce","init":"woocommerce\/woocommerce.php","name":"WooCommerce"},{"slug":"woocommerce-payments","init":"woocommerce-payments\/woocommerce-payments.php","name":"WooPayments"},{"slug":"cartflows","init":"cartflows\/cartflows.php","name":"CartFlows"},{"slug":"woo-cart-abandonment-recovery","init":"woo-cart-abandonment-recovery\/woo-cart-abandonment-recovery.php","name":"WooCommerce Cart Abandonment Recovery"}],"post-status":"publish","post-content":"","post-excerpt":"","pages":{"id-95493":{"title":"About Us","featured-image-url":"","thumbnail-image-url":"","astra-page-api-url":"https:\/\/websitedemos.net\/clothing-store-08\/wp-json\/wp\/v2\/pages\/14","dynamic-page":"no","astra-page-url":"\/\/websitedemos.net\/clothing-store-08\/about-us\/","astra-sites-tag":[],"site-pages-type":"free","site-pages-page-builder":"gutenberg","site-pages-category":[],"site-pages-parent-category":{"64":"ecommerce"},"required-plugins":[{"slug":"ultimate-addons-for-gutenberg","init":"ultimate-addons-for-gutenberg\/ultimate-addons-for-gutenberg.php","name":"Spectra"}]},"id-95494":{"title":"Contact Us","featured-image-url":"","thumbnail-image-url":"","astra-page-api-url":"https:\/\/websitedemos.net\/clothing-store-08\/wp-json\/wp\/v2\/pages\/16","dynamic-page":"no","astra-page-url":"\/\/websitedemos.net\/clothing-store-08\/contact-us\/","astra-sites-tag":[],"site-pages-type":"free","site-pages-page-builder":"gutenberg","site-pages-category":[],"site-pages-parent-category":{"64":"ecommerce"},"required-plugins":[{"slug":"ultimate-addons-for-gutenberg","init":"ultimate-addons-for-gutenberg\/ultimate-addons-for-gutenberg.php","name":"Spectra"}]},"id-95495":{"title":"Home","featured-image-url":"","thumbnail-image-url":"","astra-page-api-url":"https:\/\/websitedemos.net\/clothing-store-08\/wp-json\/wp\/v2\/pages\/11","dynamic-page":"yes","astra-page-url":"\/\/websitedemos.net\/clothing-store-08\/","astra-sites-tag":[],"site-pages-type":"free","site-pages-page-builder":"gutenberg","site-pages-category":[],"site-pages-parent-category":{"64":"ecommerce"},"required-plugins":[{"slug":"cartflows","init":"cartflows\/cartflows.php","name":"CartFlows"},{"slug":"ultimate-addons-for-gutenberg","init":"ultimate-addons-for-gutenberg\/ultimate-addons-for-gutenberg.php","name":"Spectra"},{"slug":"variation-swatches-woo","init":"variation-swatches-woo\/variation-swatches-woo.php","name":"Variation Swatches for WooCommerce"},{"slug":"woocommerce","init":"woocommerce\/woocommerce.php","name":"WooCommerce"},{"slug":"woo-cart-abandonment-recovery","init":"woo-cart-abandonment-recovery\/woo-cart-abandonment-recovery.php","name":"WooCommerce Cart Abandonment Recovery"},{"slug":"woocommerce-payments","init":"woocommerce-payments\/woocommerce-payments.php","name":"WooPayments"}]}},"related-bb-template":"","related-elementor-template":"","related-gutenberg-template":"","related_ecommerce_template":"","ecommerce_parent_template":""},"id-87369":{"title":"Photography Portfolio","id":87369,"publish-date":1709036859,"featured-image-url":"https:\/\/websitedemos.net\/wp-content\/uploads\/2024\/02\/photographer-portfolio-07.jpg","thumbnail-image-url":"https:\/\/websitedemos.net\/wp-content\/uploads\/2024\/02\/photographer-portfolio-07-600x2205.jpg","fullpage-thumbnail-image-url":"https:\/\/websitedemos.net\/wp-content\/uploads\/2024\/02\/photographer-portfolio-07-400x1470.jpg","astra-site-url":"\/\/websitedemos.net\/photographer-portfolio-07","astra-site-parent-id":3532,"astra-sites-tag":{"513":"camera","482":"fashion","515":"lens","510":"modelling","511":"photographer","509":"photography","444":"portfolio","1844":"premium","1022":"professional","514":"videography","512":"wedding-shoot"},"astra-sites-type":"agency-mini","astra-site-category":{"27":"business"},"astra-sites-template-category":{"2790":"beauty-fashion","2770":"personal","2773":"photography","2768":"portfolio"},"astra-site-page-builder":"gutenberg","categories":{"2485":"photography","2488":"portfolio"},"required-plugins":[{"slug":"ultimate-addons-for-gutenberg","init":"ultimate-addons-for-gutenberg\/ultimate-addons-for-gutenberg.php","name":"Spectra"},{"slug":"sureforms","init":"sureforms\/sureforms.php","name":"SureForms"}],"post-status":"publish","post-content":"","post-excerpt":"","pages":{"id-87372":{"title":"Home","featured-image-url":"https:\/\/websitedemos.net\/wp-content\/uploads\/2024\/02\/photographer-portfolio-07.jpg","thumbnail-image-url":"https:\/\/websitedemos.net\/wp-content\/uploads\/2024\/02\/photographer-portfolio-07-600x2205.jpg","astra-page-api-url":"https:\/\/websitedemos.net\/photographer-portfolio-07\/wp-json\/wp\/v2\/pages\/434","dynamic-page":"no","astra-page-url":"\/\/websitedemos.net\/photographer-portfolio-07\/","astra-sites-tag":{"423":"home"},"site-pages-type":"agency-mini","site-pages-page-builder":"gutenberg","site-pages-category":[],"site-pages-parent-category":{"60":"business"},"required-plugins":[{"slug":"ultimate-addons-for-gutenberg","init":"ultimate-addons-for-gutenberg\/ultimate-addons-for-gutenberg.php","name":"Spectra"}]},"id-87370":{"title":"About","featured-image-url":"https:\/\/websitedemos.net\/wp-content\/uploads\/2024\/02\/photographer-portfolio-07-about.jpg","thumbnail-image-url":"https:\/\/websitedemos.net\/wp-content\/uploads\/2024\/02\/photographer-portfolio-07-about-600x1366.jpg","astra-page-api-url":"https:\/\/websitedemos.net\/photographer-portfolio-07\/wp-json\/wp\/v2\/pages\/435","dynamic-page":"no","astra-page-url":"\/\/websitedemos.net\/photographer-portfolio-07\/about\/","astra-sites-tag":{"352":"about"},"site-pages-type":"agency-mini","site-pages-page-builder":"gutenberg","site-pages-category":[],"site-pages-parent-category":{"60":"business"},"required-plugins":[{"slug":"ultimate-addons-for-gutenberg","init":"ultimate-addons-for-gutenberg\/ultimate-addons-for-gutenberg.php","name":"Spectra"}]},"id-87374":{"title":"Services","featured-image-url":"https:\/\/websitedemos.net\/wp-content\/uploads\/2024\/02\/photographer-portfolio-07-services.jpg","thumbnail-image-url":"https:\/\/websitedemos.net\/wp-content\/uploads\/2024\/02\/photographer-portfolio-07-services-600x1370.jpg","astra-page-api-url":"https:\/\/websitedemos.net\/photographer-portfolio-07\/wp-json\/wp\/v2\/pages\/436","dynamic-page":"no","astra-page-url":"\/\/websitedemos.net\/photographer-portfolio-07\/services\/","astra-sites-tag":{"425":"services"},"site-pages-type":"agency-mini","site-pages-page-builder":"gutenberg","site-pages-category":[],"site-pages-parent-category":{"60":"business"},"required-plugins":[{"slug":"ultimate-addons-for-gutenberg","init":"ultimate-addons-for-gutenberg\/ultimate-addons-for-gutenberg.php","name":"Spectra"}]},"id-87373":{"title":"Portfolio","featured-image-url":"https:\/\/websitedemos.net\/wp-content\/uploads\/2024\/02\/photographer-portfolio-07-portfolio.jpg","thumbnail-image-url":"https:\/\/websitedemos.net\/wp-content\/uploads\/2024\/02\/photographer-portfolio-07-portfolio-600x1647.jpg","astra-page-api-url":"https:\/\/websitedemos.net\/photographer-portfolio-07\/wp-json\/wp\/v2\/pages\/437","dynamic-page":"no","astra-page-url":"\/\/websitedemos.net\/photographer-portfolio-07\/portfolio\/","astra-sites-tag":{"444":"portfolio"},"site-pages-type":"agency-mini","site-pages-page-builder":"gutenberg","site-pages-category":[],"site-pages-parent-category":{"60":"business"},"required-plugins":[{"slug":"ultimate-addons-for-gutenberg","init":"ultimate-addons-for-gutenberg\/ultimate-addons-for-gutenberg.php","name":"Spectra"}]},"id-87371":{"title":"Contact","featured-image-url":"https:\/\/websitedemos.net\/wp-content\/uploads\/2024\/02\/photographer-portfolio-07-contact.jpg","thumbnail-image-url":"https:\/\/websitedemos.net\/wp-content\/uploads\/2024\/02\/photographer-portfolio-07-contact-600x1270.jpg","astra-page-api-url":"https:\/\/websitedemos.net\/photographer-portfolio-07\/wp-json\/wp\/v2\/pages\/438","dynamic-page":"no","astra-page-url":"\/\/websitedemos.net\/photographer-portfolio-07\/contact\/","astra-sites-tag":{"415":"contact"},"site-pages-type":"agency-mini","site-pages-page-builder":"gutenberg","site-pages-category":[],"site-pages-parent-category":{"60":"business"},"required-plugins":[{"slug":"ultimate-addons-for-gutenberg","init":"ultimate-addons-for-gutenberg\/ultimate-addons-for-gutenberg.php","name":"Spectra"},{"slug":"sureforms","init":"sureforms\/sureforms.php","name":"SureForms"}]}},"related-bb-template":"","related-elementor-template":"","related-gutenberg-template":"","related_ecommerce_template":"","ecommerce_parent_template":""},"id-87318":{"title":"Gym &#038; Fitness","id":87318,"publish-date":1708970828,"featured-image-url":"https:\/\/websitedemos.net\/wp-content\/uploads\/2024\/02\/fitness-center-07.jpg","thumbnail-image-url":"https:\/\/websitedemos.net\/wp-content\/uploads\/2024\/02\/fitness-center-07-600x2270.jpg","fullpage-thumbnail-image-url":"https:\/\/websitedemos.net\/wp-content\/uploads\/2024\/02\/fitness-center-07-400x1513.jpg","astra-site-url":"\/\/websitedemos.net\/fitness-center-07","astra-site-parent-id":3529,"astra-sites-tag":{"1109":"exercse","499":"fitness","505":"fitness-trainer","506":"functional-training","500":"gym","504":"gym-trainer","503":"trainer","501":"work-out"},"astra-sites-type":"agency-mini","astra-site-category":{"27":"business"},"astra-sites-template-category":{"2787":"gym-fitness","2770":"personal"},"astra-site-page-builder":"gutenberg","categories":[],"required-plugins":[{"slug":"ultimate-addons-for-gutenberg","init":"ultimate-addons-for-gutenberg\/ultimate-addons-for-gutenberg.php","name":"Spectra"}],"post-status":"publish","post-content":"","post-excerpt":"","pages":{"id-87322":{"title":"Home","featured-image-url":"https:\/\/websitedemos.net\/wp-content\/uploads\/2024\/02\/fitness-center-07.jpg","thumbnail-image-url":"https:\/\/websitedemos.net\/wp-content\/uploads\/2024\/02\/fitness-center-07-600x2270.jpg","astra-page-api-url":"https:\/\/websitedemos.net\/fitness-center-07\/wp-json\/wp\/v2\/pages\/566","dynamic-page":"no","astra-page-url":"\/\/websitedemos.net\/fitness-center-07\/","astra-sites-tag":{"423":"home"},"site-pages-type":"agency-mini","site-pages-page-builder":"gutenberg","site-pages-category":[],"site-pages-parent-category":{"60":"business"},"required-plugins":[{"slug":"ultimate-addons-for-gutenberg","init":"ultimate-addons-for-gutenberg\/ultimate-addons-for-gutenberg.php","name":"Spectra"}]},"id-87320":{"title":"Classes","featured-image-url":"https:\/\/websitedemos.net\/wp-content\/uploads\/2024\/02\/fitness-center-07-classes.jpg","thumbnail-image-url":"https:\/\/websitedemos.net\/wp-content\/uploads\/2024\/02\/fitness-center-07-classes-600x2088.jpg","astra-page-api-url":"https:\/\/websitedemos.net\/fitness-center-07\/wp-json\/wp\/v2\/pages\/568","dynamic-page":"no","astra-page-url":"\/\/websitedemos.net\/fitness-center-07\/classes\/","astra-sites-tag":{"557":"classes"},"site-pages-type":"agency-mini","site-pages-page-builder":"gutenberg","site-pages-category":[],"site-pages-parent-category":{"60":"business"},"required-plugins":[{"slug":"ultimate-addons-for-gutenberg","init":"ultimate-addons-for-gutenberg\/ultimate-addons-for-gutenberg.php","name":"Spectra"}]},"id-87319":{"title":"About","featured-image-url":"https:\/\/websitedemos.net\/wp-content\/uploads\/2024\/02\/fitness-center-07-about.jpg","thumbnail-image-url":"https:\/\/websitedemos.net\/wp-content\/uploads\/2024\/02\/fitness-center-07-about-600x1795.jpg","astra-page-api-url":"https:\/\/websitedemos.net\/fitness-center-07\/wp-json\/wp\/v2\/pages\/570","dynamic-page":"no","astra-page-url":"\/\/websitedemos.net\/fitness-center-07\/about\/","astra-sites-tag":{"352":"about"},"site-pages-type":"agency-mini","site-pages-page-builder":"gutenberg","site-pages-category":[],"site-pages-parent-category":{"60":"business"},"required-plugins":[{"slug":"ultimate-addons-for-gutenberg","init":"ultimate-addons-for-gutenberg\/ultimate-addons-for-gutenberg.php","name":"Spectra"}]},"id-87321":{"title":"Contact","featured-image-url":"https:\/\/websitedemos.net\/wp-content\/uploads\/2024\/02\/fitness-center-07-contact.jpg","thumbnail-image-url":"https:\/\/websitedemos.net\/wp-content\/uploads\/2024\/02\/fitness-center-07-contact-600x1492.jpg","astra-page-api-url":"https:\/\/websitedemos.net\/fitness-center-07\/wp-json\/wp\/v2\/pages\/572","dynamic-page":"no","astra-page-url":"\/\/websitedemos.net\/fitness-center-07\/contact\/","astra-sites-tag":{"415":"contact"},"site-pages-type":"agency-mini","site-pages-page-builder":"gutenberg","site-pages-category":[],"site-pages-parent-category":{"60":"business"},"required-plugins":[{"slug":"ultimate-addons-for-gutenberg","init":"ultimate-addons-for-gutenberg\/ultimate-addons-for-gutenberg.php","name":"Spectra"}]}},"related-bb-template":"","related-elementor-template":"","related-gutenberg-template":"","related_ecommerce_template":"","ecommerce_parent_template":""}}