{"id-59540":{"title":"Library Cafe","id":59540,"publish-date":1646329876,"featured-image-url":"https:\/\/websitedemos.net\/wp-content\/uploads\/2022\/03\/cafe-library-08.jpg","thumbnail-image-url":"https:\/\/websitedemos.net\/wp-content\/uploads\/2022\/03\/cafe-library-08-600x2416.jpg","fullpage-thumbnail-image-url":"https:\/\/websitedemos.net\/wp-content\/uploads\/2022\/03\/cafe-library-08-400x1610.jpg","astra-site-url":"\/\/websitedemos.net\/cafe-library-08","astra-site-parent-id":2636,"astra-sites-tag":{"2607":"book-house","1740":"books","2606":"books-room","1527":"cafeteria","2603":"coffee-bar","2604":"library","2605":"library-cafe"},"astra-sites-type":"free","astra-site-category":{"27":"business","39":"free"},"astra-sites-template-category":{"2804":"cafe-bakery","2785":"food","2776":"restaurant"},"astra-site-page-builder":"gutenberg","categories":{"2496":"restaurant-food"},"required-plugins":[{"slug":"ultimate-addons-for-gutenberg","init":"ultimate-addons-for-gutenberg\/ultimate-addons-for-gutenberg.php","name":"Spectra"},{"slug":"sureforms","init":"sureforms\/sureforms.php","name":"SureForms"}],"post-status":"publish","post-content":"","post-excerpt":"","pages":{"id-59543":{"title":"Home","featured-image-url":"https:\/\/websitedemos.net\/wp-content\/uploads\/2022\/03\/cafe-library-08.jpg","thumbnail-image-url":"https:\/\/websitedemos.net\/wp-content\/uploads\/2022\/03\/cafe-library-08-600x2416.jpg","astra-page-api-url":"https:\/\/websitedemos.net\/cafe-library-08\/wp-json\/wp\/v2\/pages\/704","dynamic-page":"no","astra-page-url":"\/\/websitedemos.net\/cafe-library-08\/","astra-sites-tag":{"423":"home"},"site-pages-type":"free","site-pages-page-builder":"gutenberg","site-pages-category":[],"site-pages-parent-category":{"60":"business","61":"free"},"required-plugins":[{"slug":"ultimate-addons-for-gutenberg","init":"ultimate-addons-for-gutenberg\/ultimate-addons-for-gutenberg.php","name":"Spectra"}]},"id-59541":{"title":"About","featured-image-url":"https:\/\/websitedemos.net\/wp-content\/uploads\/2022\/03\/cafe-library-08-about.jpg","thumbnail-image-url":"https:\/\/websitedemos.net\/wp-content\/uploads\/2022\/03\/cafe-library-08-about-600x1438.jpg","astra-page-api-url":"https:\/\/websitedemos.net\/cafe-library-08\/wp-json\/wp\/v2\/pages\/710","dynamic-page":"no","astra-page-url":"\/\/websitedemos.net\/cafe-library-08\/about\/","astra-sites-tag":{"352":"about"},"site-pages-type":"free","site-pages-page-builder":"gutenberg","site-pages-category":[],"site-pages-parent-category":{"60":"business","61":"free"},"required-plugins":[{"slug":"ultimate-addons-for-gutenberg","init":"ultimate-addons-for-gutenberg\/ultimate-addons-for-gutenberg.php","name":"Spectra"}]},"id-59544":{"title":"Menu","featured-image-url":"https:\/\/websitedemos.net\/wp-content\/uploads\/2022\/03\/cafe-library-08-menu.jpg","thumbnail-image-url":"https:\/\/websitedemos.net\/wp-content\/uploads\/2022\/03\/cafe-library-08-menu-600x1081.jpg","astra-page-api-url":"https:\/\/websitedemos.net\/cafe-library-08\/wp-json\/wp\/v2\/pages\/706","dynamic-page":"no","astra-page-url":"\/\/websitedemos.net\/cafe-library-08\/menu\/","astra-sites-tag":{"565":"menu"},"site-pages-type":"free","site-pages-page-builder":"gutenberg","site-pages-category":[],"site-pages-parent-category":{"60":"business","61":"free"},"required-plugins":[{"slug":"ultimate-addons-for-gutenberg","init":"ultimate-addons-for-gutenberg\/ultimate-addons-for-gutenberg.php","name":"Spectra"}]},"id-59545":{"title":"Reviews","featured-image-url":"https:\/\/websitedemos.net\/wp-content\/uploads\/2022\/03\/cafe-library-08-reviews.jpg","thumbnail-image-url":"https:\/\/websitedemos.net\/wp-content\/uploads\/2022\/03\/cafe-library-08-reviews-600x1040.jpg","astra-page-api-url":"https:\/\/websitedemos.net\/cafe-library-08\/wp-json\/wp\/v2\/pages\/708","dynamic-page":"no","astra-page-url":"\/\/websitedemos.net\/cafe-library-08\/reviews\/","astra-sites-tag":{"432":"review"},"site-pages-type":"free","site-pages-page-builder":"gutenberg","site-pages-category":[],"site-pages-parent-category":{"60":"business","61":"free"},"required-plugins":[{"slug":"ultimate-addons-for-gutenberg","init":"ultimate-addons-for-gutenberg\/ultimate-addons-for-gutenberg.php","name":"Spectra"}]},"id-59542":{"title":"Contact","featured-image-url":"https:\/\/websitedemos.net\/wp-content\/uploads\/2022\/03\/cafe-library-08-contact.jpg","thumbnail-image-url":"https:\/\/websitedemos.net\/wp-content\/uploads\/2022\/03\/cafe-library-08-contact-600x939.jpg","astra-page-api-url":"https:\/\/websitedemos.net\/cafe-library-08\/wp-json\/wp\/v2\/pages\/712","dynamic-page":"no","astra-page-url":"\/\/websitedemos.net\/cafe-library-08\/contact\/","astra-sites-tag":{"415":"contact"},"site-pages-type":"free","site-pages-page-builder":"gutenberg","site-pages-category":[],"site-pages-parent-category":{"60":"business","61":"free"},"required-plugins":[{"slug":"ultimate-addons-for-gutenberg","init":"ultimate-addons-for-gutenberg\/ultimate-addons-for-gutenberg.php","name":"Spectra"},{"slug":"sureforms","init":"sureforms\/sureforms.php","name":"SureForms"}]}},"related-bb-template":"","related-elementor-template":"","related-gutenberg-template":"","related_ecommerce_template":"","ecommerce_parent_template":""},"id-86059":{"title":"Tanz Tech","id":86059,"publish-date":1707493975,"featured-image-url":"https:\/\/websitedemos.net\/wp-content\/uploads\/2024\/02\/saas-07.jpg","thumbnail-image-url":"https:\/\/websitedemos.net\/wp-content\/uploads\/2024\/02\/saas-07-600x3455.jpg","fullpage-thumbnail-image-url":"https:\/\/websitedemos.net\/wp-content\/uploads\/2024\/02\/saas-07-400x2303.jpg","astra-site-url":"\/\/websitedemos.net\/saas-07","astra-site-parent-id":3469,"astra-sites-tag":{"2712":"analytics","3131":"automation","692":"business","3132":"business-operations","2708":"saas","3130":"tech","3129":"technology"},"astra-sites-type":"agency-mini","astra-site-category":{"27":"business"},"astra-sites-template-category":{"2777":"business","2831":"service","2817":"technology"},"astra-site-page-builder":"gutenberg","categories":{"2487":"agency","2499":"technology"},"required-plugins":[{"slug":"ultimate-addons-for-gutenberg","init":"ultimate-addons-for-gutenberg\/ultimate-addons-for-gutenberg.php","name":"Spectra"},{"slug":"sureforms","init":"sureforms\/sureforms.php","name":"SureForms"}],"post-status":"publish","post-content":"","post-excerpt":"","pages":{"id-86063":{"title":"Home","featured-image-url":"https:\/\/websitedemos.net\/wp-content\/uploads\/2024\/02\/saas-07.jpg","thumbnail-image-url":"https:\/\/websitedemos.net\/wp-content\/uploads\/2024\/02\/saas-07-600x3455.jpg","astra-page-api-url":"https:\/\/websitedemos.net\/saas-07\/wp-json\/wp\/v2\/pages\/761","dynamic-page":"no","astra-page-url":"\/\/websitedemos.net\/saas-07\/","astra-sites-tag":{"423":"home"},"site-pages-type":"agency-mini","site-pages-page-builder":"gutenberg","site-pages-category":[],"site-pages-parent-category":{"60":"business"},"required-plugins":[{"slug":"ultimate-addons-for-gutenberg","init":"ultimate-addons-for-gutenberg\/ultimate-addons-for-gutenberg.php","name":"Spectra"}]},"id-86060":{"title":"About","featured-image-url":"https:\/\/websitedemos.net\/wp-content\/uploads\/2024\/02\/saas-07-about.jpg","thumbnail-image-url":"https:\/\/websitedemos.net\/wp-content\/uploads\/2024\/02\/saas-07-about-600x2361.jpg","astra-page-api-url":"https:\/\/websitedemos.net\/saas-07\/wp-json\/wp\/v2\/pages\/766","dynamic-page":"no","astra-page-url":"\/\/websitedemos.net\/saas-07\/about\/","astra-sites-tag":{"352":"about"},"site-pages-type":"agency-mini","site-pages-page-builder":"gutenberg","site-pages-category":[],"site-pages-parent-category":{"60":"business"},"required-plugins":[{"slug":"ultimate-addons-for-gutenberg","init":"ultimate-addons-for-gutenberg\/ultimate-addons-for-gutenberg.php","name":"Spectra"}]},"id-86062":{"title":"Features","featured-image-url":"https:\/\/websitedemos.net\/wp-content\/uploads\/2024\/02\/saas-07-features.jpg","thumbnail-image-url":"https:\/\/websitedemos.net\/wp-content\/uploads\/2024\/02\/saas-07-features-600x2288.jpg","astra-page-api-url":"https:\/\/websitedemos.net\/saas-07\/wp-json\/wp\/v2\/pages\/764","dynamic-page":"no","astra-page-url":"\/\/websitedemos.net\/saas-07\/features\/","astra-sites-tag":{"453":"features"},"site-pages-type":"agency-mini","site-pages-page-builder":"gutenberg","site-pages-category":[],"site-pages-parent-category":{"60":"business"},"required-plugins":[{"slug":"ultimate-addons-for-gutenberg","init":"ultimate-addons-for-gutenberg\/ultimate-addons-for-gutenberg.php","name":"Spectra"}]},"id-86064":{"title":"Pricing","featured-image-url":"https:\/\/websitedemos.net\/wp-content\/uploads\/2024\/02\/saas-07-pricing.jpg","thumbnail-image-url":"https:\/\/websitedemos.net\/wp-content\/uploads\/2024\/02\/saas-07-pricing-600x1451.jpg","astra-page-api-url":"https:\/\/websitedemos.net\/saas-07\/wp-json\/wp\/v2\/pages\/768","dynamic-page":"no","astra-page-url":"\/\/websitedemos.net\/saas-07\/pricing\/","astra-sites-tag":{"585":"pricing"},"site-pages-type":"agency-mini","site-pages-page-builder":"gutenberg","site-pages-category":[],"site-pages-parent-category":{"60":"business"},"required-plugins":[{"slug":"ultimate-addons-for-gutenberg","init":"ultimate-addons-for-gutenberg\/ultimate-addons-for-gutenberg.php","name":"Spectra"}]},"id-86061":{"title":"Contact","featured-image-url":"https:\/\/websitedemos.net\/wp-content\/uploads\/2024\/02\/saas-07-contact.jpg","thumbnail-image-url":"https:\/\/websitedemos.net\/wp-content\/uploads\/2024\/02\/saas-07-contact-600x1070.jpg","astra-page-api-url":"https:\/\/websitedemos.net\/saas-07\/wp-json\/wp\/v2\/pages\/770","dynamic-page":"no","astra-page-url":"\/\/websitedemos.net\/saas-07\/contact\/","astra-sites-tag":{"415":"contact"},"site-pages-type":"agency-mini","site-pages-page-builder":"gutenberg","site-pages-category":[],"site-pages-parent-category":{"60":"business"},"required-plugins":[{"slug":"ultimate-addons-for-gutenberg","init":"ultimate-addons-for-gutenberg\/ultimate-addons-for-gutenberg.php","name":"Spectra"},{"slug":"sureforms","init":"sureforms\/sureforms.php","name":"SureForms"}]}},"related-bb-template":"","related-elementor-template":"","related-gutenberg-template":"","related_ecommerce_template":"","ecommerce_parent_template":""},"id-54338":{"title":"Steak House","id":54338,"publish-date":1620833417,"featured-image-url":"https:\/\/websitedemos.net\/wp-content\/uploads\/2021\/05\/steak-house-08.jpg","thumbnail-image-url":"https:\/\/websitedemos.net\/wp-content\/uploads\/2021\/05\/steak-house-08-600x2370.jpg","fullpage-thumbnail-image-url":"https:\/\/websitedemos.net\/wp-content\/uploads\/2021\/05\/steak-house-08-400x1580.jpg","astra-site-url":"\/\/websitedemos.net\/steak-house-08","astra-site-parent-id":2025,"astra-sites-tag":{"2071":"chef-restaurant","336":"food","2068":"food-and-drinks","2067":"food-and-restaurant","2070":"food-house","350":"hotel","2069":"non-vegetarian-restaurant","335":"restaurant","2072":"steak-house"},"astra-sites-type":"free","astra-site-category":{"27":"business","39":"free"},"astra-sites-template-category":[],"astra-site-page-builder":"gutenberg","categories":{"2496":"restaurant-food"},"required-plugins":[{"slug":"ultimate-addons-for-gutenberg","init":"ultimate-addons-for-gutenberg\/ultimate-addons-for-gutenberg.php","name":"Spectra"},{"slug":"sureforms","init":"sureforms\/sureforms.php","name":"SureForms"}],"post-status":"publish","post-content":"","post-excerpt":"","pages":{"id-54341":{"title":"Home","featured-image-url":"https:\/\/websitedemos.net\/wp-content\/uploads\/2021\/05\/steak-house-08.jpg","thumbnail-image-url":"https:\/\/websitedemos.net\/wp-content\/uploads\/2021\/05\/steak-house-08-600x2370.jpg","astra-page-api-url":"https:\/\/websitedemos.net\/steak-house-08\/wp-json\/wp\/v2\/pages\/10","dynamic-page":"no","astra-page-url":"\/\/websitedemos.net\/steak-house-08\/","astra-sites-tag":{"423":"home"},"site-pages-type":"free","site-pages-page-builder":"gutenberg","site-pages-category":[],"site-pages-parent-category":{"60":"business","61":"free"},"required-plugins":[{"slug":"ultimate-addons-for-gutenberg","init":"ultimate-addons-for-gutenberg\/ultimate-addons-for-gutenberg.php","name":"Spectra"}]},"id-54339":{"title":"About","featured-image-url":"https:\/\/websitedemos.net\/wp-content\/uploads\/2021\/05\/steak-house-08-about-1.jpg","thumbnail-image-url":"https:\/\/websitedemos.net\/wp-content\/uploads\/2021\/05\/steak-house-08-about-1-600x1939.jpg","astra-page-api-url":"https:\/\/websitedemos.net\/steak-house-08\/wp-json\/wp\/v2\/pages\/12","dynamic-page":"no","astra-page-url":"\/\/websitedemos.net\/steak-house-08\/about\/","astra-sites-tag":{"352":"about"},"site-pages-type":"free","site-pages-page-builder":"gutenberg","site-pages-category":[],"site-pages-parent-category":{"60":"business","61":"free"},"required-plugins":[{"slug":"ultimate-addons-for-gutenberg","init":"ultimate-addons-for-gutenberg\/ultimate-addons-for-gutenberg.php","name":"Spectra"}]},"id-54342":{"title":"Menu","featured-image-url":"https:\/\/websitedemos.net\/wp-content\/uploads\/2021\/05\/steak-house-08-menu-1.jpg","thumbnail-image-url":"https:\/\/websitedemos.net\/wp-content\/uploads\/2021\/05\/steak-house-08-menu-1-600x1663.jpg","astra-page-api-url":"https:\/\/websitedemos.net\/steak-house-08\/wp-json\/wp\/v2\/pages\/13","dynamic-page":"no","astra-page-url":"\/\/websitedemos.net\/steak-house-08\/menu\/","astra-sites-tag":{"1579":"food-menu","565":"menu"},"site-pages-type":"free","site-pages-page-builder":"gutenberg","site-pages-category":[],"site-pages-parent-category":{"60":"business","61":"free"},"required-plugins":[{"slug":"ultimate-addons-for-gutenberg","init":"ultimate-addons-for-gutenberg\/ultimate-addons-for-gutenberg.php","name":"Spectra"}]},"id-54340":{"title":"Contact","featured-image-url":"https:\/\/websitedemos.net\/wp-content\/uploads\/2021\/05\/steak-house-08-contact-1.jpg","thumbnail-image-url":"https:\/\/websitedemos.net\/wp-content\/uploads\/2021\/05\/steak-house-08-contact-1-600x1150.jpg","astra-page-api-url":"https:\/\/websitedemos.net\/steak-house-08\/wp-json\/wp\/v2\/pages\/14","dynamic-page":"no","astra-page-url":"\/\/websitedemos.net\/steak-house-08\/contact\/","astra-sites-tag":{"415":"contact"},"site-pages-type":"free","site-pages-page-builder":"gutenberg","site-pages-category":[],"site-pages-parent-category":{"60":"business","61":"free"},"required-plugins":[{"slug":"ultimate-addons-for-gutenberg","init":"ultimate-addons-for-gutenberg\/ultimate-addons-for-gutenberg.php","name":"Spectra"},{"slug":"sureforms","init":"sureforms\/sureforms.php","name":"SureForms"}]}},"related-bb-template":"","related-elementor-template":"","related-gutenberg-template":"","related_ecommerce_template":"","ecommerce_parent_template":""},"id-86261":{"title":"Cleaning Agency","id":86261,"publish-date":1707479798,"featured-image-url":"https:\/\/websitedemos.net\/wp-content\/uploads\/2024\/02\/cleaning-agency-07.jpg","thumbnail-image-url":"https:\/\/websitedemos.net\/wp-content\/uploads\/2024\/02\/cleaning-agency-07-600x2473.jpg","fullpage-thumbnail-image-url":"https:\/\/websitedemos.net\/wp-content\/uploads\/2024\/02\/cleaning-agency-07-400x1649.jpg","astra-site-url":"\/\/websitedemos.net\/cleaning-agency-07","astra-site-parent-id":3484,"astra-sites-tag":{"680":"cleaning","679":"cleaning-services","673":"commercial-cleaning","674":"domestic-cleaning","1407":"house-keeping","676":"maintenance","677":"washing"},"astra-sites-type":"agency-mini","astra-site-category":{"27":"business"},"astra-sites-template-category":{"2777":"business","2819":"cleaning","2831":"service"},"astra-site-page-builder":"gutenberg","categories":{"2477":"home-services"},"required-plugins":[{"slug":"ultimate-addons-for-gutenberg","init":"ultimate-addons-for-gutenberg\/ultimate-addons-for-gutenberg.php","name":"Spectra"},{"slug":"sureforms","init":"sureforms\/sureforms.php","name":"SureForms"}],"post-status":"publish","post-content":"","post-excerpt":"","pages":{"id-86264":{"title":"Home","featured-image-url":"https:\/\/websitedemos.net\/wp-content\/uploads\/2024\/02\/cleaning-agency-07.jpg","thumbnail-image-url":"https:\/\/websitedemos.net\/wp-content\/uploads\/2024\/02\/cleaning-agency-07-600x2473.jpg","astra-page-api-url":"https:\/\/websitedemos.net\/cleaning-agency-07\/wp-json\/wp\/v2\/pages\/701","dynamic-page":"no","astra-page-url":"\/\/websitedemos.net\/cleaning-agency-07\/","astra-sites-tag":{"423":"home"},"site-pages-type":"agency-mini","site-pages-page-builder":"gutenberg","site-pages-category":[],"site-pages-parent-category":{"60":"business"},"required-plugins":[{"slug":"ultimate-addons-for-gutenberg","init":"ultimate-addons-for-gutenberg\/ultimate-addons-for-gutenberg.php","name":"Spectra"}]},"id-86262":{"title":"About","featured-image-url":"https:\/\/websitedemos.net\/wp-content\/uploads\/2024\/02\/cleaning-agency-07-about.jpg","thumbnail-image-url":"https:\/\/websitedemos.net\/wp-content\/uploads\/2024\/02\/cleaning-agency-07-about-600x1521.jpg","astra-page-api-url":"https:\/\/websitedemos.net\/cleaning-agency-07\/wp-json\/wp\/v2\/pages\/704","dynamic-page":"no","astra-page-url":"\/\/websitedemos.net\/cleaning-agency-07\/about\/","astra-sites-tag":{"352":"about"},"site-pages-type":"agency-mini","site-pages-page-builder":"gutenberg","site-pages-category":[],"site-pages-parent-category":{"60":"business"},"required-plugins":[{"slug":"ultimate-addons-for-gutenberg","init":"ultimate-addons-for-gutenberg\/ultimate-addons-for-gutenberg.php","name":"Spectra"}]},"id-86266":{"title":"Services","featured-image-url":"https:\/\/websitedemos.net\/wp-content\/uploads\/2024\/02\/cleaning-agency-07-services.jpg","thumbnail-image-url":"https:\/\/websitedemos.net\/wp-content\/uploads\/2024\/02\/cleaning-agency-07-services-600x2085.jpg","astra-page-api-url":"https:\/\/websitedemos.net\/cleaning-agency-07\/wp-json\/wp\/v2\/pages\/706","dynamic-page":"no","astra-page-url":"\/\/websitedemos.net\/cleaning-agency-07\/services\/","astra-sites-tag":{"425":"services"},"site-pages-type":"agency-mini","site-pages-page-builder":"gutenberg","site-pages-category":[],"site-pages-parent-category":{"60":"business"},"required-plugins":[{"slug":"ultimate-addons-for-gutenberg","init":"ultimate-addons-for-gutenberg\/ultimate-addons-for-gutenberg.php","name":"Spectra"}]},"id-86267":{"title":"Why Choose Us","featured-image-url":"https:\/\/websitedemos.net\/wp-content\/uploads\/2024\/02\/cleaning-agency-07-why-choose-us.jpg","thumbnail-image-url":"https:\/\/websitedemos.net\/wp-content\/uploads\/2024\/02\/cleaning-agency-07-why-choose-us-600x1421.jpg","astra-page-api-url":"https:\/\/websitedemos.net\/cleaning-agency-07\/wp-json\/wp\/v2\/pages\/708","dynamic-page":"no","astra-page-url":"\/\/websitedemos.net\/cleaning-agency-07\/why-choose-us\/","astra-sites-tag":{"760":"why-choose-us"},"site-pages-type":"agency-mini","site-pages-page-builder":"gutenberg","site-pages-category":[],"site-pages-parent-category":{"60":"business"},"required-plugins":[{"slug":"ultimate-addons-for-gutenberg","init":"ultimate-addons-for-gutenberg\/ultimate-addons-for-gutenberg.php","name":"Spectra"}]},"id-86265":{"title":"Reviews","featured-image-url":"https:\/\/websitedemos.net\/wp-content\/uploads\/2024\/02\/cleaning-agency-07-reviews.jpg","thumbnail-image-url":"https:\/\/websitedemos.net\/wp-content\/uploads\/2024\/02\/cleaning-agency-07-reviews-600x1193.jpg","astra-page-api-url":"https:\/\/websitedemos.net\/cleaning-agency-07\/wp-json\/wp\/v2\/pages\/710","dynamic-page":"no","astra-page-url":"\/\/websitedemos.net\/cleaning-agency-07\/reviews\/","astra-sites-tag":{"1615":"reviews"},"site-pages-type":"agency-mini","site-pages-page-builder":"gutenberg","site-pages-category":[],"site-pages-parent-category":{"60":"business"},"required-plugins":[{"slug":"ultimate-addons-for-gutenberg","init":"ultimate-addons-for-gutenberg\/ultimate-addons-for-gutenberg.php","name":"Spectra"}]},"id-86263":{"title":"Contact","featured-image-url":"https:\/\/websitedemos.net\/wp-content\/uploads\/2024\/02\/cleaning-agency-07-contact.jpg","thumbnail-image-url":"https:\/\/websitedemos.net\/wp-content\/uploads\/2024\/02\/cleaning-agency-07-contact-600x1159.jpg","astra-page-api-url":"https:\/\/websitedemos.net\/cleaning-agency-07\/wp-json\/wp\/v2\/pages\/712","dynamic-page":"no","astra-page-url":"\/\/websitedemos.net\/cleaning-agency-07\/contact\/","astra-sites-tag":{"415":"contact"},"site-pages-type":"agency-mini","site-pages-page-builder":"gutenberg","site-pages-category":[],"site-pages-parent-category":{"60":"business"},"required-plugins":[{"slug":"ultimate-addons-for-gutenberg","init":"ultimate-addons-for-gutenberg\/ultimate-addons-for-gutenberg.php","name":"Spectra"},{"slug":"sureforms","init":"sureforms\/sureforms.php","name":"SureForms"}]}},"related-bb-template":"","related-elementor-template":"","related-gutenberg-template":"","related_ecommerce_template":"","ecommerce_parent_template":""},"id-88183":{"title":"Generic","id":88183,"publish-date":1714411630,"featured-image-url":"https:\/\/websitedemos.net\/wp-content\/uploads\/2024\/04\/generic-08.jpg","thumbnail-image-url":"https:\/\/websitedemos.net\/wp-content\/uploads\/2024\/04\/generic-08-600x1830.jpg","fullpage-thumbnail-image-url":"https:\/\/websitedemos.net\/wp-content\/uploads\/2024\/04\/generic-08-400x1220.jpg","astra-site-url":"\/\/websitedemos.net\/generic-08","astra-site-parent-id":3597,"astra-sites-tag":{"2456":"generic","2667":"generic-template","1526":"multi-purpose","2493":"multipurpose"},"astra-sites-type":"free","astra-site-category":{"36":"other"},"astra-sites-template-category":{"2860":"multipurpose","2797":"simple-minimal"},"astra-site-page-builder":"gutenberg","categories":{"3428":"free","2500":"multipurpose"},"required-plugins":[{"slug":"ultimate-addons-for-gutenberg","init":"ultimate-addons-for-gutenberg\/ultimate-addons-for-gutenberg.php","name":"Spectra"},{"slug":"sureforms","init":"sureforms\/sureforms.php","name":"SureForms"}],"post-status":"publish","post-content":"","post-excerpt":"","pages":{"id-88186":{"title":"Home","featured-image-url":"https:\/\/websitedemos.net\/wp-content\/uploads\/2024\/04\/generic-08.jpg","thumbnail-image-url":"https:\/\/websitedemos.net\/wp-content\/uploads\/2024\/04\/generic-08-600x1830.jpg","astra-page-api-url":"https:\/\/websitedemos.net\/generic-08\/wp-json\/wp\/v2\/pages\/20","dynamic-page":"no","astra-page-url":"\/\/websitedemos.net\/generic-08\/","astra-sites-tag":{"423":"home"},"site-pages-type":"free","site-pages-page-builder":"gutenberg","site-pages-category":[],"site-pages-parent-category":{"139":"other"},"required-plugins":[{"slug":"ultimate-addons-for-gutenberg","init":"ultimate-addons-for-gutenberg\/ultimate-addons-for-gutenberg.php","name":"Spectra"}]},"id-88184":{"title":"About","featured-image-url":"https:\/\/websitedemos.net\/wp-content\/uploads\/2024\/04\/generic-08-about.jpg","thumbnail-image-url":"https:\/\/websitedemos.net\/wp-content\/uploads\/2024\/04\/generic-08-about-600x884.jpg","astra-page-api-url":"https:\/\/websitedemos.net\/generic-08\/wp-json\/wp\/v2\/pages\/22","dynamic-page":"no","astra-page-url":"\/\/websitedemos.net\/generic-08\/about\/","astra-sites-tag":{"352":"about"},"site-pages-type":"free","site-pages-page-builder":"gutenberg","site-pages-category":[],"site-pages-parent-category":{"139":"other"},"required-plugins":[{"slug":"ultimate-addons-for-gutenberg","init":"ultimate-addons-for-gutenberg\/ultimate-addons-for-gutenberg.php","name":"Spectra"}]},"id-88187":{"title":"Offerings","featured-image-url":"https:\/\/websitedemos.net\/wp-content\/uploads\/2024\/04\/generic-08-offerings.jpg","thumbnail-image-url":"https:\/\/websitedemos.net\/wp-content\/uploads\/2024\/04\/generic-08-offerings-600x1254.jpg","astra-page-api-url":"https:\/\/websitedemos.net\/generic-08\/wp-json\/wp\/v2\/pages\/24","dynamic-page":"no","astra-page-url":"\/\/websitedemos.net\/generic-08\/offerings\/","astra-sites-tag":{"3617":"offerings"},"site-pages-type":"free","site-pages-page-builder":"gutenberg","site-pages-category":[],"site-pages-parent-category":{"139":"other"},"required-plugins":[{"slug":"ultimate-addons-for-gutenberg","init":"ultimate-addons-for-gutenberg\/ultimate-addons-for-gutenberg.php","name":"Spectra"}]},"id-88185":{"title":"Contact","featured-image-url":"https:\/\/websitedemos.net\/wp-content\/uploads\/2024\/04\/generic-08-contact.jpg","thumbnail-image-url":"https:\/\/websitedemos.net\/wp-content\/uploads\/2024\/04\/generic-08-contact-600x778.jpg","astra-page-api-url":"https:\/\/websitedemos.net\/generic-08\/wp-json\/wp\/v2\/pages\/26","dynamic-page":"no","astra-page-url":"\/\/websitedemos.net\/generic-08\/contact\/","astra-sites-tag":{"415":"contact"},"site-pages-type":"free","site-pages-page-builder":"gutenberg","site-pages-category":[],"site-pages-parent-category":{"139":"other"},"required-plugins":[{"slug":"ultimate-addons-for-gutenberg","init":"ultimate-addons-for-gutenberg\/ultimate-addons-for-gutenberg.php","name":"Spectra"},{"slug":"sureforms","init":"sureforms\/sureforms.php","name":"SureForms"}]}},"related-bb-template":"","related-elementor-template":"","related-gutenberg-template":"","related_ecommerce_template":"","ecommerce_parent_template":""},"id-48348":{"title":"Mountain","id":48348,"publish-date":1603907454,"featured-image-url":"https:\/\/websitedemos.net\/wp-content\/uploads\/2020\/10\/mountainss-08.jpg","thumbnail-image-url":"https:\/\/websitedemos.net\/wp-content\/uploads\/2020\/10\/mountainss-08-600x1368.jpg","fullpage-thumbnail-image-url":"https:\/\/websitedemos.net\/wp-content\/uploads\/2020\/10\/mountainss-08-400x912.jpg","astra-site-url":"\/\/websitedemos.net\/mountain-08","astra-site-parent-id":1724,"astra-sites-tag":{"692":"business","1525":"mountain","1526":"multi-purpose","535":"nature"},"astra-sites-type":"free","astra-site-category":{"27":"business","39":"free"},"astra-sites-template-category":[],"astra-site-page-builder":"gutenberg","categories":{"2500":"multipurpose"},"required-plugins":[{"slug":"ultimate-addons-for-gutenberg","init":"ultimate-addons-for-gutenberg\/ultimate-addons-for-gutenberg.php","name":"Spectra"},{"slug":"sureforms","init":"sureforms\/sureforms.php","name":"SureForms"}],"post-status":"publish","post-content":"","post-excerpt":"","pages":{"id-48351":{"title":"Home","featured-image-url":"https:\/\/websitedemos.net\/wp-content\/uploads\/2020\/10\/mountainss-08.jpg","thumbnail-image-url":"https:\/\/websitedemos.net\/wp-content\/uploads\/2020\/10\/mountainss-08-600x1368.jpg","astra-page-api-url":"https:\/\/websitedemos.net\/mountain-08\/wp-json\/wp\/v2\/pages\/217","dynamic-page":"no","astra-page-url":"\/\/websitedemos.net\/mountain-08\/","astra-sites-tag":{"423":"home"},"site-pages-type":"free","site-pages-page-builder":"gutenberg","site-pages-category":[],"site-pages-parent-category":{"60":"business","61":"free"},"required-plugins":[{"slug":"ultimate-addons-for-gutenberg","init":"ultimate-addons-for-gutenberg\/ultimate-addons-for-gutenberg.php","name":"Spectra"}]},"id-48349":{"title":"About","featured-image-url":"https:\/\/websitedemos.net\/wp-content\/uploads\/2020\/10\/mountains-08-about.jpg","thumbnail-image-url":"https:\/\/websitedemos.net\/wp-content\/uploads\/2020\/10\/mountains-08-about-600x642.jpg","astra-page-api-url":"https:\/\/websitedemos.net\/mountain-08\/wp-json\/wp\/v2\/pages\/218","dynamic-page":"no","astra-page-url":"\/\/websitedemos.net\/mountain-08\/about\/","astra-sites-tag":{"352":"about"},"site-pages-type":"free","site-pages-page-builder":"gutenberg","site-pages-category":[],"site-pages-parent-category":{"60":"business","61":"free"},"required-plugins":[{"slug":"ultimate-addons-for-gutenberg","init":"ultimate-addons-for-gutenberg\/ultimate-addons-for-gutenberg.php","name":"Spectra"}]},"id-48352":{"title":"Services","featured-image-url":"https:\/\/websitedemos.net\/wp-content\/uploads\/2020\/10\/mountains-08-services.jpg","thumbnail-image-url":"https:\/\/websitedemos.net\/wp-content\/uploads\/2020\/10\/mountains-08-services-600x1208.jpg","astra-page-api-url":"https:\/\/websitedemos.net\/mountain-08\/wp-json\/wp\/v2\/pages\/219","dynamic-page":"no","astra-page-url":"\/\/websitedemos.net\/mountain-08\/services\/","astra-sites-tag":{"425":"services"},"site-pages-type":"free","site-pages-page-builder":"gutenberg","site-pages-category":[],"site-pages-parent-category":{"60":"business","61":"free"},"required-plugins":[{"slug":"ultimate-addons-for-gutenberg","init":"ultimate-addons-for-gutenberg\/ultimate-addons-for-gutenberg.php","name":"Spectra"}]},"id-48350":{"title":"Contact","featured-image-url":"https:\/\/websitedemos.net\/wp-content\/uploads\/2020\/10\/mountains-08-contact.jpg","thumbnail-image-url":"https:\/\/websitedemos.net\/wp-content\/uploads\/2020\/10\/mountains-08-contact-600x771.jpg","astra-page-api-url":"https:\/\/websitedemos.net\/mountain-08\/wp-json\/wp\/v2\/pages\/220","dynamic-page":"no","astra-page-url":"\/\/websitedemos.net\/mountain-08\/contact\/","astra-sites-tag":{"415":"contact"},"site-pages-type":"free","site-pages-page-builder":"gutenberg","site-pages-category":[],"site-pages-parent-category":{"60":"business","61":"free"},"required-plugins":[{"slug":"ultimate-addons-for-gutenberg","init":"ultimate-addons-for-gutenberg\/ultimate-addons-for-gutenberg.php","name":"Spectra"},{"slug":"sureforms","init":"sureforms\/sureforms.php","name":"SureForms"}]}},"related-bb-template":"","related-elementor-template":"","related-gutenberg-template":"","related_ecommerce_template":"","ecommerce_parent_template":""},"id-92789":{"title":"CeramicShop","id":92789,"publish-date":1725552532,"featured-image-url":"https:\/\/websitedemos.net\/wp-content\/uploads\/2024\/09\/ceramic-product-store-07.jpg","thumbnail-image-url":"https:\/\/websitedemos.net\/wp-content\/uploads\/2024\/09\/ceramic-product-store-07-600x3441.jpg","fullpage-thumbnail-image-url":"https:\/\/websitedemos.net\/wp-content\/uploads\/2024\/09\/ceramic-product-store-07-400x2294.jpg","astra-site-url":"\/\/websitedemos.net\/ceramic-products-store-07","astra-site-parent-id":3619,"astra-sites-tag":{"3543":"ceramic","496":"ecommerce","383":"online-store","733":"shop","966":"woo-commerce","1024":"woocommerce"},"astra-sites-type":"agency-mini","astra-site-category":{"38":"ecommerce"},"astra-sites-template-category":{"2777":"business","2769":"ecommerce","2830":"nature","2857":"online-shopping"},"astra-site-page-builder":"gutenberg","categories":{"3435":"business","2495":"ecommerce"},"required-plugins":[{"slug":"ultimate-addons-for-gutenberg","init":"ultimate-addons-for-gutenberg\/ultimate-addons-for-gutenberg.php","name":"Spectra"},{"slug":"woocommerce","init":"woocommerce\/woocommerce.php","name":"WooCommerce"},{"slug":"sureforms","init":"sureforms\/sureforms.php","name":"SureForms"},{"slug":"woocommerce-payments","init":"woocommerce-payments\/woocommerce-payments.php","name":"WooPayments"},{"slug":"woo-cart-abandonment-recovery","init":"woo-cart-abandonment-recovery\/woo-cart-abandonment-recovery.php","name":"WooCommerce Cart Abandonment Recovery"}],"post-status":"publish","post-content":"","post-excerpt":"","pages":{"id-92791":{"title":"Contact","featured-image-url":"https:\/\/websitedemos.net\/wp-content\/uploads\/2024\/09\/ceramic-product-store-07-contact.jpg","thumbnail-image-url":"https:\/\/websitedemos.net\/wp-content\/uploads\/2024\/09\/ceramic-product-store-07-contact-600x1279.jpg","astra-page-api-url":"https:\/\/websitedemos.net\/ceramic-products-store-07\/wp-json\/wp\/v2\/pages\/289","dynamic-page":"no","astra-page-url":"\/\/websitedemos.net\/ceramic-products-store-07\/contact\/","astra-sites-tag":{"415":"contact"},"site-pages-type":"agency-mini","site-pages-page-builder":"gutenberg","site-pages-category":[],"site-pages-parent-category":{"64":"ecommerce"},"required-plugins":[{"slug":"ultimate-addons-for-gutenberg","init":"ultimate-addons-for-gutenberg\/ultimate-addons-for-gutenberg.php","name":"Spectra"},{"slug":"sureforms","init":"sureforms\/sureforms.php","name":"SureForms"}]},"id-92792":{"title":"Home","featured-image-url":"https:\/\/websitedemos.net\/wp-content\/uploads\/2024\/09\/ceramic-product-store-07.jpg","thumbnail-image-url":"https:\/\/websitedemos.net\/wp-content\/uploads\/2024\/09\/ceramic-product-store-07-600x3441.jpg","astra-page-api-url":"https:\/\/websitedemos.net\/ceramic-products-store-07\/wp-json\/wp\/v2\/pages\/286","dynamic-page":"yes","astra-page-url":"\/\/websitedemos.net\/ceramic-products-store-07\/","astra-sites-tag":{"423":"home"},"site-pages-type":"agency-mini","site-pages-page-builder":"gutenberg","site-pages-category":[],"site-pages-parent-category":{"64":"ecommerce"},"required-plugins":[{"slug":"ultimate-addons-for-gutenberg","init":"ultimate-addons-for-gutenberg\/ultimate-addons-for-gutenberg.php","name":"Spectra"},{"slug":"woocommerce","init":"woocommerce\/woocommerce.php","name":"WooCommerce"},{"slug":"woo-cart-abandonment-recovery","init":"woo-cart-abandonment-recovery\/woo-cart-abandonment-recovery.php","name":"WooCommerce Cart Abandonment Recovery"},{"slug":"woocommerce-payments","init":"woocommerce-payments\/woocommerce-payments.php","name":"WooPayments"}]},"id-92790":{"title":"About","featured-image-url":"https:\/\/websitedemos.net\/wp-content\/uploads\/2024\/09\/ceramic-product-store-07-about.jpg","thumbnail-image-url":"https:\/\/websitedemos.net\/wp-content\/uploads\/2024\/09\/ceramic-product-store-07-about-600x1610.jpg","astra-page-api-url":"https:\/\/websitedemos.net\/ceramic-products-store-07\/wp-json\/wp\/v2\/pages\/288","dynamic-page":"no","astra-page-url":"\/\/websitedemos.net\/ceramic-products-store-07\/about\/","astra-sites-tag":{"352":"about"},"site-pages-type":"agency-mini","site-pages-page-builder":"gutenberg","site-pages-category":[],"site-pages-parent-category":{"64":"ecommerce"},"required-plugins":[{"slug":"ultimate-addons-for-gutenberg","init":"ultimate-addons-for-gutenberg\/ultimate-addons-for-gutenberg.php","name":"Spectra"}]}},"related-bb-template":"","related-elementor-template":"","related-gutenberg-template":"","related_ecommerce_template":"","ecommerce_parent_template":""},"id-86245":{"title":"School &amp; Kindergarten","id":86245,"publish-date":1708864540,"featured-image-url":"https:\/\/websitedemos.net\/wp-content\/uploads\/2024\/02\/school-kindergarten-07.jpg","thumbnail-image-url":"https:\/\/websitedemos.net\/wp-content\/uploads\/2024\/02\/school-kindergarten-07-600x2972.jpg","fullpage-thumbnail-image-url":"https:\/\/websitedemos.net\/wp-content\/uploads\/2024\/02\/school-kindergarten-07-400x1981.jpg","astra-site-url":"\/\/websitedemos.net\/school-kindergarten-07","astra-site-parent-id":3482,"astra-sites-tag":{"459":"education","1490":"kids","617":"kindergarten","460":"learning","456":"school"},"astra-sites-type":"agency-mini","astra-site-category":{"27":"business"},"astra-sites-template-category":{"2777":"business","2772":"education","2862":"preschool-kindergarten","2782":"school"},"astra-site-page-builder":"gutenberg","categories":{"2491":"educational-institutes"},"required-plugins":[{"slug":"ultimate-addons-for-gutenberg","init":"ultimate-addons-for-gutenberg\/ultimate-addons-for-gutenberg.php","name":"Spectra"},{"slug":"sureforms","init":"sureforms\/sureforms.php","name":"SureForms"}],"post-status":"publish","post-content":"","post-excerpt":"","pages":{"id-86249":{"title":"Home","featured-image-url":"https:\/\/websitedemos.net\/wp-content\/uploads\/2024\/02\/school-kindergarten-07.jpg","thumbnail-image-url":"https:\/\/websitedemos.net\/wp-content\/uploads\/2024\/02\/school-kindergarten-07-600x2972.jpg","astra-page-api-url":"https:\/\/websitedemos.net\/school-kindergarten-07\/wp-json\/wp\/v2\/pages\/563","dynamic-page":"no","astra-page-url":"\/\/websitedemos.net\/school-kindergarten-07\/","astra-sites-tag":{"423":"home"},"site-pages-type":"agency-mini","site-pages-page-builder":"gutenberg","site-pages-category":[],"site-pages-parent-category":{"60":"business"},"required-plugins":[{"slug":"ultimate-addons-for-gutenberg","init":"ultimate-addons-for-gutenberg\/ultimate-addons-for-gutenberg.php","name":"Spectra"}]},"id-86246":{"title":"About Us","featured-image-url":"https:\/\/websitedemos.net\/wp-content\/uploads\/2024\/02\/school-kindergarten-07-about.jpg","thumbnail-image-url":"https:\/\/websitedemos.net\/wp-content\/uploads\/2024\/02\/school-kindergarten-07-about-600x1955.jpg","astra-page-api-url":"https:\/\/websitedemos.net\/school-kindergarten-07\/wp-json\/wp\/v2\/pages\/566","dynamic-page":"no","astra-page-url":"\/\/websitedemos.net\/school-kindergarten-07\/about-us\/","astra-sites-tag":{"352":"about"},"site-pages-type":"agency-mini","site-pages-page-builder":"gutenberg","site-pages-category":[],"site-pages-parent-category":{"60":"business"},"required-plugins":[{"slug":"ultimate-addons-for-gutenberg","init":"ultimate-addons-for-gutenberg\/ultimate-addons-for-gutenberg.php","name":"Spectra"}]},"id-86247":{"title":"Classes","featured-image-url":"https:\/\/websitedemos.net\/wp-content\/uploads\/2024\/02\/school-kindergarten-07-classes.jpg","thumbnail-image-url":"https:\/\/websitedemos.net\/wp-content\/uploads\/2024\/02\/school-kindergarten-07-classes-600x2229.jpg","astra-page-api-url":"https:\/\/websitedemos.net\/school-kindergarten-07\/wp-json\/wp\/v2\/pages\/568","dynamic-page":"no","astra-page-url":"\/\/websitedemos.net\/school-kindergarten-07\/classes\/","astra-sites-tag":{"557":"classes"},"site-pages-type":"agency-mini","site-pages-page-builder":"gutenberg","site-pages-category":[],"site-pages-parent-category":{"60":"business"},"required-plugins":[{"slug":"ultimate-addons-for-gutenberg","init":"ultimate-addons-for-gutenberg\/ultimate-addons-for-gutenberg.php","name":"Spectra"}]},"id-86250":{"title":"Parent Info","featured-image-url":"https:\/\/websitedemos.net\/wp-content\/uploads\/2024\/02\/school-kindergarten-07-parents-info.jpg","thumbnail-image-url":"https:\/\/websitedemos.net\/wp-content\/uploads\/2024\/02\/school-kindergarten-07-parents-info-600x1360.jpg","astra-page-api-url":"https:\/\/websitedemos.net\/school-kindergarten-07\/wp-json\/wp\/v2\/pages\/570","dynamic-page":"no","astra-page-url":"\/\/websitedemos.net\/school-kindergarten-07\/parent-info\/","astra-sites-tag":{"3521":"parents-info"},"site-pages-type":"agency-mini","site-pages-page-builder":"gutenberg","site-pages-category":[],"site-pages-parent-category":{"60":"business"},"required-plugins":[{"slug":"ultimate-addons-for-gutenberg","init":"ultimate-addons-for-gutenberg\/ultimate-addons-for-gutenberg.php","name":"Spectra"}]},"id-86251":{"title":"Reviews","featured-image-url":"https:\/\/websitedemos.net\/wp-content\/uploads\/2024\/02\/school-kindergarten-07-reviews.jpg","thumbnail-image-url":"https:\/\/websitedemos.net\/wp-content\/uploads\/2024\/02\/school-kindergarten-07-reviews-600x1689.jpg","astra-page-api-url":"https:\/\/websitedemos.net\/school-kindergarten-07\/wp-json\/wp\/v2\/pages\/572","dynamic-page":"no","astra-page-url":"\/\/websitedemos.net\/school-kindergarten-07\/reviews\/","astra-sites-tag":{"1615":"reviews"},"site-pages-type":"agency-mini","site-pages-page-builder":"gutenberg","site-pages-category":[],"site-pages-parent-category":{"60":"business"},"required-plugins":[{"slug":"ultimate-addons-for-gutenberg","init":"ultimate-addons-for-gutenberg\/ultimate-addons-for-gutenberg.php","name":"Spectra"}]},"id-86248":{"title":"Contact","featured-image-url":"https:\/\/websitedemos.net\/wp-content\/uploads\/2024\/02\/school-kindergarten-07-contact.jpg","thumbnail-image-url":"https:\/\/websitedemos.net\/wp-content\/uploads\/2024\/02\/school-kindergarten-07-contact-600x1071.jpg","astra-page-api-url":"https:\/\/websitedemos.net\/school-kindergarten-07\/wp-json\/wp\/v2\/pages\/574","dynamic-page":"no","astra-page-url":"\/\/websitedemos.net\/school-kindergarten-07\/contact\/","astra-sites-tag":{"415":"contact"},"site-pages-type":"agency-mini","site-pages-page-builder":"gutenberg","site-pages-category":[],"site-pages-parent-category":{"60":"business"},"required-plugins":[{"slug":"ultimate-addons-for-gutenberg","init":"ultimate-addons-for-gutenberg\/ultimate-addons-for-gutenberg.php","name":"Spectra"},{"slug":"sureforms","init":"sureforms\/sureforms.php","name":"SureForms"}]}},"related-bb-template":"","related-elementor-template":"","related-gutenberg-template":"","related_ecommerce_template":"","ecommerce_parent_template":""},"id-57046":{"title":"Business Coaching &#038; Consulting","id":57046,"publish-date":1626465822,"featured-image-url":"https:\/\/websitedemos.net\/wp-content\/uploads\/2021\/07\/business-consulting-08-1.jpg","thumbnail-image-url":"https:\/\/websitedemos.net\/wp-content\/uploads\/2021\/07\/business-consulting-08-1-600x2363.jpg","fullpage-thumbnail-image-url":"https:\/\/websitedemos.net\/wp-content\/uploads\/2021\/07\/business-consulting-08-1-400x1575.jpg","astra-site-url":"\/\/websitedemos.net\/business-consulting-08","astra-site-parent-id":2261,"astra-sites-tag":{"1878":"business-coach","1620":"business-consultant","1879":"business-guide","854":"coach","1880":"mentor","855":"motivational-speaker"},"astra-sites-type":"free","astra-site-category":{"27":"business","39":"free"},"astra-sites-template-category":[],"astra-site-page-builder":"gutenberg","categories":{"2483":"expert-services"},"required-plugins":[{"slug":"ultimate-addons-for-gutenberg","init":"ultimate-addons-for-gutenberg\/ultimate-addons-for-gutenberg.php","name":"Spectra"},{"slug":"sureforms","init":"sureforms\/sureforms.php","name":"SureForms"},{"slug":"latepoint","init":"latepoint\/latepoint.php","name":"LatePoint"}],"post-status":"publish","post-content":"","post-excerpt":"","pages":{"id-57049":{"title":"Home","featured-image-url":"https:\/\/websitedemos.net\/wp-content\/uploads\/2021\/07\/business-consulting-08-1.jpg","thumbnail-image-url":"https:\/\/websitedemos.net\/wp-content\/uploads\/2021\/07\/business-consulting-08-1-600x2363.jpg","astra-page-api-url":"https:\/\/websitedemos.net\/business-consulting-08\/wp-json\/wp\/v2\/pages\/961","dynamic-page":"no","astra-page-url":"\/\/websitedemos.net\/business-consulting-08\/","astra-sites-tag":[],"site-pages-type":"free","site-pages-page-builder":"gutenberg","site-pages-category":[],"site-pages-parent-category":{"60":"business","61":"free"},"required-plugins":[{"slug":"latepoint","init":"latepoint\/latepoint.php","name":"LatePoint"},{"slug":"ultimate-addons-for-gutenberg","init":"ultimate-addons-for-gutenberg\/ultimate-addons-for-gutenberg.php","name":"Spectra"}]},"id-57047":{"title":"About","featured-image-url":"https:\/\/websitedemos.net\/wp-content\/uploads\/2021\/07\/business-consulting-08-about-1.jpg","thumbnail-image-url":"https:\/\/websitedemos.net\/wp-content\/uploads\/2021\/07\/business-consulting-08-about-1-600x2245.jpg","astra-page-api-url":"https:\/\/websitedemos.net\/business-consulting-08\/wp-json\/wp\/v2\/pages\/964","dynamic-page":"no","astra-page-url":"\/\/websitedemos.net\/business-consulting-08\/about\/","astra-sites-tag":{"352":"about"},"site-pages-type":"free","site-pages-page-builder":"gutenberg","site-pages-category":[],"site-pages-parent-category":{"60":"business","61":"free"},"required-plugins":[{"slug":"ultimate-addons-for-gutenberg","init":"ultimate-addons-for-gutenberg\/ultimate-addons-for-gutenberg.php","name":"Spectra"}]},"id-57050":{"title":"Services","featured-image-url":"https:\/\/websitedemos.net\/wp-content\/uploads\/2021\/07\/business-consulting-08-services-1.jpg","thumbnail-image-url":"https:\/\/websitedemos.net\/wp-content\/uploads\/2021\/07\/business-consulting-08-services-1-600x2098.jpg","astra-page-api-url":"https:\/\/websitedemos.net\/business-consulting-08\/wp-json\/wp\/v2\/pages\/966","dynamic-page":"no","astra-page-url":"\/\/websitedemos.net\/business-consulting-08\/services\/","astra-sites-tag":{"425":"services"},"site-pages-type":"free","site-pages-page-builder":"gutenberg","site-pages-category":[],"site-pages-parent-category":{"60":"business","61":"free"},"required-plugins":[{"slug":"latepoint","init":"latepoint\/latepoint.php","name":"LatePoint"},{"slug":"ultimate-addons-for-gutenberg","init":"ultimate-addons-for-gutenberg\/ultimate-addons-for-gutenberg.php","name":"Spectra"}]},"id-57048":{"title":"Contact","featured-image-url":"https:\/\/websitedemos.net\/wp-content\/uploads\/2021\/07\/business-consulting-08-contact-1.jpg","thumbnail-image-url":"https:\/\/websitedemos.net\/wp-content\/uploads\/2021\/07\/business-consulting-08-contact-1-600x1328.jpg","astra-page-api-url":"https:\/\/websitedemos.net\/business-consulting-08\/wp-json\/wp\/v2\/pages\/968","dynamic-page":"no","astra-page-url":"\/\/websitedemos.net\/business-consulting-08\/contact\/","astra-sites-tag":{"415":"contact"},"site-pages-type":"free","site-pages-page-builder":"gutenberg","site-pages-category":[],"site-pages-parent-category":{"60":"business","61":"free"},"required-plugins":[{"slug":"latepoint","init":"latepoint\/latepoint.php","name":"LatePoint"},{"slug":"ultimate-addons-for-gutenberg","init":"ultimate-addons-for-gutenberg\/ultimate-addons-for-gutenberg.php","name":"Spectra"},{"slug":"sureforms","init":"sureforms\/sureforms.php","name":"SureForms"}]}},"related-bb-template":"","related-elementor-template":"","related-gutenberg-template":"","related_ecommerce_template":"","ecommerce_parent_template":""},"id-86223":{"title":"Yoga Studio","id":86223,"publish-date":1707424942,"featured-image-url":"https:\/\/websitedemos.net\/wp-content\/uploads\/2024\/02\/yoga-07.jpg","thumbnail-image-url":"https:\/\/websitedemos.net\/wp-content\/uploads\/2024\/02\/yoga-07-600x2337.jpg","fullpage-thumbnail-image-url":"https:\/\/websitedemos.net\/wp-content\/uploads\/2024\/02\/yoga-07-400x1558.jpg","astra-site-url":"\/\/websitedemos.net\/yoga-07","astra-site-parent-id":3479,"astra-sites-tag":{"499":"fitness","976":"gym-instructor","399":"one-page","1020":"personal","1844":"premium","463":"single-page","395":"yoga-instructor","397":"yoga-studio","398":"yoga-trainer"},"astra-sites-type":"agency-mini","astra-site-category":{"27":"business"},"astra-sites-template-category":{"2787":"gym-fitness","2771":"one-page","2770":"personal","2808":"yoga"},"astra-site-page-builder":"gutenberg","categories":{"2480":"fitness-wellness","2927":"one-page"},"required-plugins":[{"slug":"ultimate-addons-for-gutenberg","init":"ultimate-addons-for-gutenberg\/ultimate-addons-for-gutenberg.php","name":"Spectra"}],"post-status":"publish","post-content":"","post-excerpt":"","pages":{"id-86224":{"title":"June Flint","featured-image-url":"https:\/\/websitedemos.net\/wp-content\/uploads\/2024\/02\/yoga-07.jpg","thumbnail-image-url":"https:\/\/websitedemos.net\/wp-content\/uploads\/2024\/02\/yoga-07-600x2337.jpg","astra-page-api-url":"https:\/\/websitedemos.net\/yoga-07\/wp-json\/wp\/v2\/pages\/2","dynamic-page":"no","astra-page-url":"\/\/websitedemos.net\/yoga-07\/","astra-sites-tag":{"423":"home"},"site-pages-type":"agency-mini","site-pages-page-builder":"gutenberg","site-pages-category":[],"site-pages-parent-category":{"60":"business"},"required-plugins":[{"slug":"ultimate-addons-for-gutenberg","init":"ultimate-addons-for-gutenberg\/ultimate-addons-for-gutenberg.php","name":"Spectra"}]}},"related-bb-template":"","related-elementor-template":"","related-gutenberg-template":"","related_ecommerce_template":"","ecommerce_parent_template":""},"id-57085":{"title":"Relationship and Life Coach","id":57085,"publish-date":1626464394,"featured-image-url":"https:\/\/websitedemos.net\/wp-content\/uploads\/2021\/07\/relationship-coach-08-1.jpg","thumbnail-image-url":"https:\/\/websitedemos.net\/wp-content\/uploads\/2021\/07\/relationship-coach-08-1-600x3248.jpg","fullpage-thumbnail-image-url":"https:\/\/websitedemos.net\/wp-content\/uploads\/2021\/07\/relationship-coach-08-1-400x2165.jpg","astra-site-url":"\/\/websitedemos.net\/relationship-coach-08","astra-site-parent-id":2279,"astra-sites-tag":{"854":"coach","1876":"counsellor","612":"life-coach","1866":"life-guide","1877":"relationship-coach"},"astra-sites-type":"free","astra-site-category":{"37":"blog","27":"business","39":"free"},"astra-sites-template-category":[],"astra-site-page-builder":"gutenberg","categories":{"2483":"expert-services"},"required-plugins":[{"slug":"ultimate-addons-for-gutenberg","init":"ultimate-addons-for-gutenberg\/ultimate-addons-for-gutenberg.php","name":"Spectra"},{"slug":"sureforms","init":"sureforms\/sureforms.php","name":"SureForms"},{"slug":"latepoint","init":"latepoint\/latepoint.php","name":"LatePoint"}],"post-status":"publish","post-content":"","post-excerpt":"","pages":{"id-57090":{"title":"Home","featured-image-url":"https:\/\/websitedemos.net\/wp-content\/uploads\/2021\/07\/relationship-coach-08-1.jpg","thumbnail-image-url":"https:\/\/websitedemos.net\/wp-content\/uploads\/2021\/07\/relationship-coach-08-1-600x3248.jpg","astra-page-api-url":"https:\/\/websitedemos.net\/relationship-coach-08\/wp-json\/wp\/v2\/pages\/1022","dynamic-page":"no","astra-page-url":"\/\/websitedemos.net\/relationship-coach-08\/","astra-sites-tag":{"423":"home"},"site-pages-type":"free","site-pages-page-builder":"gutenberg","site-pages-category":[],"site-pages-parent-category":{"74":"blog","60":"business","61":"free"},"required-plugins":[{"slug":"latepoint","init":"latepoint\/latepoint.php","name":"LatePoint"},{"slug":"ultimate-addons-for-gutenberg","init":"ultimate-addons-for-gutenberg\/ultimate-addons-for-gutenberg.php","name":"Spectra"}]},"id-57086":{"title":"About","featured-image-url":"https:\/\/websitedemos.net\/wp-content\/uploads\/2021\/07\/relationship-coach-08-about-1.jpg","thumbnail-image-url":"https:\/\/websitedemos.net\/wp-content\/uploads\/2021\/07\/relationship-coach-08-about-1-600x1648.jpg","astra-page-api-url":"https:\/\/websitedemos.net\/relationship-coach-08\/wp-json\/wp\/v2\/pages\/1014","dynamic-page":"no","astra-page-url":"\/\/websitedemos.net\/relationship-coach-08\/about\/","astra-sites-tag":{"352":"about"},"site-pages-type":"free","site-pages-page-builder":"gutenberg","site-pages-category":[],"site-pages-parent-category":{"74":"blog","60":"business","61":"free"},"required-plugins":[{"slug":"latepoint","init":"latepoint\/latepoint.php","name":"LatePoint"},{"slug":"ultimate-addons-for-gutenberg","init":"ultimate-addons-for-gutenberg\/ultimate-addons-for-gutenberg.php","name":"Spectra"}]},"id-57092":{"title":"Stage Shows","featured-image-url":"https:\/\/websitedemos.net\/wp-content\/uploads\/2021\/07\/relationship-coach-08-stage-shows-1.jpg","thumbnail-image-url":"https:\/\/websitedemos.net\/wp-content\/uploads\/2021\/07\/relationship-coach-08-stage-shows-1-600x1701.jpg","astra-page-api-url":"https:\/\/websitedemos.net\/relationship-coach-08\/wp-json\/wp\/v2\/pages\/1026","dynamic-page":"no","astra-page-url":"\/\/websitedemos.net\/relationship-coach-08\/stage-shows\/","astra-sites-tag":{"1875":"stage-shows"},"site-pages-type":"free","site-pages-page-builder":"gutenberg","site-pages-category":[],"site-pages-parent-category":{"74":"blog","60":"business","61":"free"},"required-plugins":[{"slug":"latepoint","init":"latepoint\/latepoint.php","name":"LatePoint"},{"slug":"ultimate-addons-for-gutenberg","init":"ultimate-addons-for-gutenberg\/ultimate-addons-for-gutenberg.php","name":"Spectra"}]},"id-57088":{"title":"Books","featured-image-url":"https:\/\/websitedemos.net\/wp-content\/uploads\/2021\/07\/relationship-coach-08-books-1.jpg","thumbnail-image-url":"https:\/\/websitedemos.net\/wp-content\/uploads\/2021\/07\/relationship-coach-08-books-1-600x1682.jpg","astra-page-api-url":"https:\/\/websitedemos.net\/relationship-coach-08\/wp-json\/wp\/v2\/pages\/1018","dynamic-page":"no","astra-page-url":"\/\/websitedemos.net\/relationship-coach-08\/books\/","astra-sites-tag":{"1740":"books"},"site-pages-type":"free","site-pages-page-builder":"gutenberg","site-pages-category":[],"site-pages-parent-category":{"74":"blog","60":"business","61":"free"},"required-plugins":[{"slug":"latepoint","init":"latepoint\/latepoint.php","name":"LatePoint"},{"slug":"ultimate-addons-for-gutenberg","init":"ultimate-addons-for-gutenberg\/ultimate-addons-for-gutenberg.php","name":"Spectra"}]},"id-57091":{"title":"One-on-One Counseling","featured-image-url":"https:\/\/websitedemos.net\/wp-content\/uploads\/2021\/07\/relationship-coach-08-one-on-one-counselling.jpg","thumbnail-image-url":"https:\/\/websitedemos.net\/wp-content\/uploads\/2021\/07\/relationship-coach-08-one-on-one-counselling-600x1993.jpg","astra-page-api-url":"https:\/\/websitedemos.net\/relationship-coach-08\/wp-json\/wp\/v2\/pages\/1024","dynamic-page":"no","astra-page-url":"\/\/websitedemos.net\/relationship-coach-08\/one-on-one-counseling\/","astra-sites-tag":{"610":"coaching"},"site-pages-type":"free","site-pages-page-builder":"gutenberg","site-pages-category":[],"site-pages-parent-category":{"74":"blog","60":"business","61":"free"},"required-plugins":[{"slug":"ultimate-addons-for-gutenberg","init":"ultimate-addons-for-gutenberg\/ultimate-addons-for-gutenberg.php","name":"Spectra"}]},"id-57089":{"title":"Contact","featured-image-url":"https:\/\/websitedemos.net\/wp-content\/uploads\/2021\/07\/relationship-coach-08-contact-1.jpg","thumbnail-image-url":"https:\/\/websitedemos.net\/wp-content\/uploads\/2021\/07\/relationship-coach-08-contact-1-600x1381.jpg","astra-page-api-url":"https:\/\/websitedemos.net\/relationship-coach-08\/wp-json\/wp\/v2\/pages\/1020","dynamic-page":"no","astra-page-url":"\/\/websitedemos.net\/relationship-coach-08\/contact\/","astra-sites-tag":{"415":"contact"},"site-pages-type":"free","site-pages-page-builder":"gutenberg","site-pages-category":[],"site-pages-parent-category":{"74":"blog","60":"business","61":"free"},"required-plugins":[{"slug":"latepoint","init":"latepoint\/latepoint.php","name":"LatePoint"},{"slug":"ultimate-addons-for-gutenberg","init":"ultimate-addons-for-gutenberg\/ultimate-addons-for-gutenberg.php","name":"Spectra"},{"slug":"sureforms","init":"sureforms\/sureforms.php","name":"SureForms"}]}},"related-bb-template":"","related-elementor-template":"","related-gutenberg-template":"","related_ecommerce_template":"","ecommerce_parent_template":""},"id-86165":{"title":"Heritage Hotel","id":86165,"publish-date":1707390791,"featured-image-url":"https:\/\/websitedemos.net\/wp-content\/uploads\/2024\/02\/heritage-hotel-07.jpg","thumbnail-image-url":"https:\/\/websitedemos.net\/wp-content\/uploads\/2024\/02\/heritage-hotel-07-600x4572.jpg","fullpage-thumbnail-image-url":"https:\/\/websitedemos.net\/wp-content\/uploads\/2024\/02\/heritage-hotel-07-400x3048.jpg","astra-site-url":"\/\/websitedemos.net\/heritage-hotel-07","astra-site-parent-id":3476,"astra-sites-tag":{"2180":"heritage-hotel","350":"hotel","2199":"indian-heritage-hotel","2082":"luxury-hotel","2197":"luxury-residence","2196":"palace-hotel","1844":"premium","2195":"stay","2198":"traditional-hotel"},"astra-sites-type":"agency-mini","astra-site-category":{"27":"business"},"astra-sites-template-category":{"2777":"business","2788":"hotel-bnb","2775":"travel-tourism"},"astra-site-page-builder":"gutenberg","categories":{"2498":"hotel-travel"},"required-plugins":[{"slug":"ultimate-addons-for-gutenberg","init":"ultimate-addons-for-gutenberg\/ultimate-addons-for-gutenberg.php","name":"Spectra"},{"slug":"sureforms","init":"sureforms\/sureforms.php","name":"SureForms"}],"post-status":"publish","post-content":"","post-excerpt":"","pages":{"id-86171":{"title":"Home","featured-image-url":"https:\/\/websitedemos.net\/wp-content\/uploads\/2024\/02\/heritage-hotel-07.jpg","thumbnail-image-url":"https:\/\/websitedemos.net\/wp-content\/uploads\/2024\/02\/heritage-hotel-07-600x4572.jpg","astra-page-api-url":"https:\/\/websitedemos.net\/heritage-hotel-07\/wp-json\/wp\/v2\/pages\/6","dynamic-page":"no","astra-page-url":"\/\/websitedemos.net\/heritage-hotel-07\/","astra-sites-tag":{"423":"home"},"site-pages-type":"agency-mini","site-pages-page-builder":"gutenberg","site-pages-category":[],"site-pages-parent-category":{"60":"business"},"required-plugins":[{"slug":"ultimate-addons-for-gutenberg","init":"ultimate-addons-for-gutenberg\/ultimate-addons-for-gutenberg.php","name":"Spectra"}]},"id-86170":{"title":"History","featured-image-url":"https:\/\/websitedemos.net\/wp-content\/uploads\/2024\/02\/heritage-hotel-07-history.jpg","thumbnail-image-url":"https:\/\/websitedemos.net\/wp-content\/uploads\/2024\/02\/heritage-hotel-07-history-600x1514.jpg","astra-page-api-url":"https:\/\/websitedemos.net\/heritage-hotel-07\/wp-json\/wp\/v2\/pages\/9","dynamic-page":"no","astra-page-url":"\/\/websitedemos.net\/heritage-hotel-07\/history\/","astra-sites-tag":{"645":"history"},"site-pages-type":"agency-mini","site-pages-page-builder":"gutenberg","site-pages-category":[],"site-pages-parent-category":{"60":"business"},"required-plugins":[{"slug":"ultimate-addons-for-gutenberg","init":"ultimate-addons-for-gutenberg\/ultimate-addons-for-gutenberg.php","name":"Spectra"}]},"id-86168":{"title":"Experience","featured-image-url":"https:\/\/websitedemos.net\/wp-content\/uploads\/2024\/02\/heritage-hotel-07-experience.jpg","thumbnail-image-url":"https:\/\/websitedemos.net\/wp-content\/uploads\/2024\/02\/heritage-hotel-07-experience-600x2477.jpg","astra-page-api-url":"https:\/\/websitedemos.net\/heritage-hotel-07\/wp-json\/wp\/v2\/pages\/11","dynamic-page":"no","astra-page-url":"\/\/websitedemos.net\/heritage-hotel-07\/experience\/","astra-sites-tag":{"636":"experience"},"site-pages-type":"agency-mini","site-pages-page-builder":"gutenberg","site-pages-category":[],"site-pages-parent-category":{"60":"business"},"required-plugins":[{"slug":"ultimate-addons-for-gutenberg","init":"ultimate-addons-for-gutenberg\/ultimate-addons-for-gutenberg.php","name":"Spectra"}]},"id-86172":{"title":"Room &#038; Suites","featured-image-url":"https:\/\/websitedemos.net\/wp-content\/uploads\/2024\/02\/heritage-hotel-07-rooms.jpg","thumbnail-image-url":"https:\/\/websitedemos.net\/wp-content\/uploads\/2024\/02\/heritage-hotel-07-rooms-600x1656.jpg","astra-page-api-url":"https:\/\/websitedemos.net\/heritage-hotel-07\/wp-json\/wp\/v2\/pages\/13","dynamic-page":"no","astra-page-url":"\/\/websitedemos.net\/heritage-hotel-07\/room-suites\/","astra-sites-tag":{"715":"rooms","2179":"suites"},"site-pages-type":"agency-mini","site-pages-page-builder":"gutenberg","site-pages-category":[],"site-pages-parent-category":{"60":"business"},"required-plugins":[{"slug":"ultimate-addons-for-gutenberg","init":"ultimate-addons-for-gutenberg\/ultimate-addons-for-gutenberg.php","name":"Spectra"}]},"id-86167":{"title":"Dining","featured-image-url":"https:\/\/websitedemos.net\/wp-content\/uploads\/2024\/02\/heritage-hotel-07-dining.jpg","thumbnail-image-url":"https:\/\/websitedemos.net\/wp-content\/uploads\/2024\/02\/heritage-hotel-07-dining-600x1442.jpg","astra-page-api-url":"https:\/\/websitedemos.net\/heritage-hotel-07\/wp-json\/wp\/v2\/pages\/15","dynamic-page":"no","astra-page-url":"\/\/websitedemos.net\/heritage-hotel-07\/dining\/","astra-sites-tag":{"1798":"dining"},"site-pages-type":"agency-mini","site-pages-page-builder":"gutenberg","site-pages-category":[],"site-pages-parent-category":{"60":"business"},"required-plugins":[{"slug":"ultimate-addons-for-gutenberg","init":"ultimate-addons-for-gutenberg\/ultimate-addons-for-gutenberg.php","name":"Spectra"}]},"id-86169":{"title":"Gallery","featured-image-url":"https:\/\/websitedemos.net\/wp-content\/uploads\/2024\/02\/heritage-hotel-07-gallery.jpg","thumbnail-image-url":"https:\/\/websitedemos.net\/wp-content\/uploads\/2024\/02\/heritage-hotel-07-gallery-600x1026.jpg","astra-page-api-url":"https:\/\/websitedemos.net\/heritage-hotel-07\/wp-json\/wp\/v2\/pages\/17","dynamic-page":"no","astra-page-url":"\/\/websitedemos.net\/heritage-hotel-07\/gallery\/","astra-sites-tag":{"461":"gallery"},"site-pages-type":"agency-mini","site-pages-page-builder":"gutenberg","site-pages-category":[],"site-pages-parent-category":{"60":"business"},"required-plugins":[{"slug":"ultimate-addons-for-gutenberg","init":"ultimate-addons-for-gutenberg\/ultimate-addons-for-gutenberg.php","name":"Spectra"}]},"id-86166":{"title":"Contact","featured-image-url":"https:\/\/websitedemos.net\/wp-content\/uploads\/2024\/02\/heritage-hotel-07-contact.jpg","thumbnail-image-url":"https:\/\/websitedemos.net\/wp-content\/uploads\/2024\/02\/heritage-hotel-07-contact-600x1139.jpg","astra-page-api-url":"https:\/\/websitedemos.net\/heritage-hotel-07\/wp-json\/wp\/v2\/pages\/19","dynamic-page":"no","astra-page-url":"\/\/websitedemos.net\/heritage-hotel-07\/contact\/","astra-sites-tag":{"415":"contact"},"site-pages-type":"agency-mini","site-pages-page-builder":"gutenberg","site-pages-category":[],"site-pages-parent-category":{"60":"business"},"required-plugins":[{"slug":"ultimate-addons-for-gutenberg","init":"ultimate-addons-for-gutenberg\/ultimate-addons-for-gutenberg.php","name":"Spectra"},{"slug":"sureforms","init":"sureforms\/sureforms.php","name":"SureForms"}]}},"related-bb-template":"","related-elementor-template":"","related-gutenberg-template":"","related_ecommerce_template":"","ecommerce_parent_template":""},"id-57071":{"title":"Bestselling Author","id":57071,"publish-date":1626466145,"featured-image-url":"https:\/\/websitedemos.net\/wp-content\/uploads\/2021\/07\/bestselling-author-08-1.jpg","thumbnail-image-url":"https:\/\/websitedemos.net\/wp-content\/uploads\/2021\/07\/bestselling-author-08-1-600x2212.jpg","fullpage-thumbnail-image-url":"https:\/\/websitedemos.net\/wp-content\/uploads\/2021\/07\/bestselling-author-08-1-400x1474.jpg","astra-site-url":"\/\/websitedemos.net\/bestselling-author-08","astra-site-parent-id":2265,"astra-sites-tag":{"724":"author","1911":"bestselling-book-author","1910":"book-author","1740":"books","725":"writer"},"astra-sites-type":"free","astra-site-category":{"27":"business","39":"free"},"astra-sites-template-category":[],"astra-site-page-builder":"gutenberg","categories":{"2488":"portfolio"},"required-plugins":[{"slug":"ultimate-addons-for-gutenberg","init":"ultimate-addons-for-gutenberg\/ultimate-addons-for-gutenberg.php","name":"Spectra"},{"slug":"sureforms","init":"sureforms\/sureforms.php","name":"SureForms"}],"post-status":"publish","post-content":"","post-excerpt":"","pages":{"id-57075":{"title":"Home","featured-image-url":"https:\/\/websitedemos.net\/wp-content\/uploads\/2021\/07\/bestselling-author-08-1.jpg","thumbnail-image-url":"https:\/\/websitedemos.net\/wp-content\/uploads\/2021\/07\/bestselling-author-08-1-600x2212.jpg","astra-page-api-url":"https:\/\/websitedemos.net\/bestselling-author-08\/wp-json\/wp\/v2\/pages\/896","dynamic-page":"no","astra-page-url":"\/\/websitedemos.net\/bestselling-author-08\/","astra-sites-tag":{"423":"home"},"site-pages-type":"free","site-pages-page-builder":"gutenberg","site-pages-category":[],"site-pages-parent-category":{"60":"business","61":"free"},"required-plugins":[{"slug":"ultimate-addons-for-gutenberg","init":"ultimate-addons-for-gutenberg\/ultimate-addons-for-gutenberg.php","name":"Spectra"}]},"id-57072":{"title":"About","featured-image-url":"https:\/\/websitedemos.net\/wp-content\/uploads\/2021\/07\/bestselling-author-08-about-1.jpg","thumbnail-image-url":"https:\/\/websitedemos.net\/wp-content\/uploads\/2021\/07\/bestselling-author-08-about-1-600x1890.jpg","astra-page-api-url":"https:\/\/websitedemos.net\/bestselling-author-08\/wp-json\/wp\/v2\/pages\/902","dynamic-page":"no","astra-page-url":"\/\/websitedemos.net\/bestselling-author-08\/about\/","astra-sites-tag":{"352":"about"},"site-pages-type":"free","site-pages-page-builder":"gutenberg","site-pages-category":[],"site-pages-parent-category":{"60":"business","61":"free"},"required-plugins":[{"slug":"ultimate-addons-for-gutenberg","init":"ultimate-addons-for-gutenberg\/ultimate-addons-for-gutenberg.php","name":"Spectra"}]},"id-57073":{"title":"Books","featured-image-url":"https:\/\/websitedemos.net\/wp-content\/uploads\/2021\/07\/bestselling-author-08-books.jpg","thumbnail-image-url":"https:\/\/websitedemos.net\/wp-content\/uploads\/2021\/07\/bestselling-author-08-books-600x1590.jpg","astra-page-api-url":"https:\/\/websitedemos.net\/bestselling-author-08\/wp-json\/wp\/v2\/pages\/900","dynamic-page":"no","astra-page-url":"\/\/websitedemos.net\/bestselling-author-08\/books\/","astra-sites-tag":{"1740":"books"},"site-pages-type":"free","site-pages-page-builder":"gutenberg","site-pages-category":[],"site-pages-parent-category":{"60":"business","61":"free"},"required-plugins":[{"slug":"ultimate-addons-for-gutenberg","init":"ultimate-addons-for-gutenberg\/ultimate-addons-for-gutenberg.php","name":"Spectra"}]},"id-57074":{"title":"Contact","featured-image-url":"https:\/\/websitedemos.net\/wp-content\/uploads\/2021\/07\/bestselling-author-08-contact-1.jpg","thumbnail-image-url":"https:\/\/websitedemos.net\/wp-content\/uploads\/2021\/07\/bestselling-author-08-contact-1-600x1003.jpg","astra-page-api-url":"https:\/\/websitedemos.net\/bestselling-author-08\/wp-json\/wp\/v2\/pages\/898","dynamic-page":"no","astra-page-url":"\/\/websitedemos.net\/bestselling-author-08\/contact\/","astra-sites-tag":{"415":"contact"},"site-pages-type":"free","site-pages-page-builder":"gutenberg","site-pages-category":[],"site-pages-parent-category":{"60":"business","61":"free"},"required-plugins":[{"slug":"ultimate-addons-for-gutenberg","init":"ultimate-addons-for-gutenberg\/ultimate-addons-for-gutenberg.php","name":"Spectra"},{"slug":"sureforms","init":"sureforms\/sureforms.php","name":"SureForms"}]}},"related-bb-template":"","related-elementor-template":"","related-gutenberg-template":"","related_ecommerce_template":"","ecommerce_parent_template":""},"id-85983":{"title":"Co-Working Space","id":85983,"publish-date":1707333512,"featured-image-url":"https:\/\/websitedemos.net\/wp-content\/uploads\/2024\/02\/co-working-space-07.jpg","thumbnail-image-url":"https:\/\/websitedemos.net\/wp-content\/uploads\/2024\/02\/co-working-space-07-600x2533.jpg","fullpage-thumbnail-image-url":"https:\/\/websitedemos.net\/wp-content\/uploads\/2024\/02\/co-working-space-07-400x1688.jpg","astra-site-url":"\/\/websitedemos.net\/co-working-space-07","astra-site-parent-id":3466,"astra-sites-tag":{"1587":"advertising-agency","2232":"advertising-company","2229":"advertising-firm","663":"agency","979":"company","1588":"marketing-agency","2233":"marketing-company","2228":"marketing-firm","2237":"media-agency","2230":"press-agency","2227":"promotion-firm","2231":"publicity-firm","2234":"publicity-services"},"astra-sites-type":"agency-mini","astra-site-category":{"27":"business"},"astra-sites-template-category":{"2812":"digital-agency","2796":"digital-marketing","2768":"portfolio"},"astra-site-page-builder":"gutenberg","categories":{"2487":"agency"},"required-plugins":[{"slug":"ultimate-addons-for-gutenberg","init":"ultimate-addons-for-gutenberg\/ultimate-addons-for-gutenberg.php","name":"Spectra"},{"slug":"sureforms","init":"sureforms\/sureforms.php","name":"SureForms"}],"post-status":"publish","post-content":"","post-excerpt":"","pages":{"id-85986":{"title":"Home","featured-image-url":"https:\/\/websitedemos.net\/wp-content\/uploads\/2024\/02\/co-working-space-07.jpg","thumbnail-image-url":"https:\/\/websitedemos.net\/wp-content\/uploads\/2024\/02\/co-working-space-07-600x2533.jpg","astra-page-api-url":"https:\/\/websitedemos.net\/co-working-space-07\/wp-json\/wp\/v2\/pages\/561","dynamic-page":"no","astra-page-url":"\/\/websitedemos.net\/co-working-space-07\/","astra-sites-tag":{"423":"home"},"site-pages-type":"agency-mini","site-pages-page-builder":"gutenberg","site-pages-category":[],"site-pages-parent-category":{"60":"business"},"required-plugins":[{"slug":"ultimate-addons-for-gutenberg","init":"ultimate-addons-for-gutenberg\/ultimate-addons-for-gutenberg.php","name":"Spectra"}]},"id-85984":{"title":"About Us","featured-image-url":"https:\/\/websitedemos.net\/wp-content\/uploads\/2024\/02\/co-working-space-07-about-us.jpg","thumbnail-image-url":"https:\/\/websitedemos.net\/wp-content\/uploads\/2024\/02\/co-working-space-07-about-us-600x1596.jpg","astra-page-api-url":"https:\/\/websitedemos.net\/co-working-space-07\/wp-json\/wp\/v2\/pages\/562","dynamic-page":"no","astra-page-url":"\/\/websitedemos.net\/co-working-space-07\/about-us\/","astra-sites-tag":{"352":"about"},"site-pages-type":"agency-mini","site-pages-page-builder":"gutenberg","site-pages-category":[],"site-pages-parent-category":{"60":"business"},"required-plugins":[{"slug":"ultimate-addons-for-gutenberg","init":"ultimate-addons-for-gutenberg\/ultimate-addons-for-gutenberg.php","name":"Spectra"}]},"id-85988":{"title":"Workspace","featured-image-url":"https:\/\/websitedemos.net\/wp-content\/uploads\/2024\/02\/co-working-space-07-workspace.jpg","thumbnail-image-url":"https:\/\/websitedemos.net\/wp-content\/uploads\/2024\/02\/co-working-space-07-workspace-600x1976.jpg","astra-page-api-url":"https:\/\/websitedemos.net\/co-working-space-07\/wp-json\/wp\/v2\/pages\/563","dynamic-page":"no","astra-page-url":"\/\/websitedemos.net\/co-working-space-07\/workspace\/","astra-sites-tag":{"1444":"workspace"},"site-pages-type":"agency-mini","site-pages-page-builder":"gutenberg","site-pages-category":[],"site-pages-parent-category":{"60":"business"},"required-plugins":[{"slug":"ultimate-addons-for-gutenberg","init":"ultimate-addons-for-gutenberg\/ultimate-addons-for-gutenberg.php","name":"Spectra"}]},"id-85987":{"title":"Pricing","featured-image-url":"https:\/\/websitedemos.net\/wp-content\/uploads\/2024\/02\/co-working-space-07-pricing.jpg","thumbnail-image-url":"https:\/\/websitedemos.net\/wp-content\/uploads\/2024\/02\/co-working-space-07-pricing-600x1669.jpg","astra-page-api-url":"https:\/\/websitedemos.net\/co-working-space-07\/wp-json\/wp\/v2\/pages\/564","dynamic-page":"no","astra-page-url":"\/\/websitedemos.net\/co-working-space-07\/pricing\/","astra-sites-tag":{"585":"pricing"},"site-pages-type":"agency-mini","site-pages-page-builder":"gutenberg","site-pages-category":[],"site-pages-parent-category":{"60":"business"},"required-plugins":[{"slug":"ultimate-addons-for-gutenberg","init":"ultimate-addons-for-gutenberg\/ultimate-addons-for-gutenberg.php","name":"Spectra"}]},"id-85985":{"title":"Contact","featured-image-url":"https:\/\/websitedemos.net\/wp-content\/uploads\/2024\/02\/co-working-space-07-contact.jpg","thumbnail-image-url":"https:\/\/websitedemos.net\/wp-content\/uploads\/2024\/02\/co-working-space-07-contact-600x1206.jpg","astra-page-api-url":"https:\/\/websitedemos.net\/co-working-space-07\/wp-json\/wp\/v2\/pages\/565","dynamic-page":"no","astra-page-url":"\/\/websitedemos.net\/co-working-space-07\/contact\/","astra-sites-tag":{"415":"contact"},"site-pages-type":"agency-mini","site-pages-page-builder":"gutenberg","site-pages-category":[],"site-pages-parent-category":{"60":"business"},"required-plugins":[{"slug":"ultimate-addons-for-gutenberg","init":"ultimate-addons-for-gutenberg\/ultimate-addons-for-gutenberg.php","name":"Spectra"},{"slug":"sureforms","init":"sureforms\/sureforms.php","name":"SureForms"}]}},"related-bb-template":"","related-elementor-template":"","related-gutenberg-template":"","related_ecommerce_template":"","ecommerce_parent_template":""},"id-56739":{"title":"Public Speaker","id":56739,"publish-date":1626114397,"featured-image-url":"https:\/\/websitedemos.net\/wp-content\/uploads\/2021\/07\/public-speaker-08.jpg","thumbnail-image-url":"https:\/\/websitedemos.net\/wp-content\/uploads\/2021\/07\/public-speaker-08-600x3080.jpg","fullpage-thumbnail-image-url":"https:\/\/websitedemos.net\/wp-content\/uploads\/2021\/07\/public-speaker-08-400x2053.jpg","astra-site-url":"\/\/websitedemos.net\/public-speaker-08","astra-site-parent-id":2256,"astra-sites-tag":{"724":"author","854":"coach","612":"life-coach","1866":"life-guide","1880":"mentor","855":"motivational-speaker","1903":"personal-website","1939":"public-speaker","1940":"storyteller"},"astra-sites-type":"free","astra-site-category":{"27":"business","39":"free"},"astra-sites-template-category":[],"astra-site-page-builder":"gutenberg","categories":{"2483":"expert-services"},"required-plugins":[{"slug":"ultimate-addons-for-gutenberg","init":"ultimate-addons-for-gutenberg\/ultimate-addons-for-gutenberg.php","name":"Spectra"},{"slug":"sureforms","init":"sureforms\/sureforms.php","name":"SureForms"}],"post-status":"publish","post-content":"","post-excerpt":"","pages":{"id-56743":{"title":"Home","featured-image-url":"https:\/\/websitedemos.net\/wp-content\/uploads\/2021\/07\/public-speaker-08.jpg","thumbnail-image-url":"https:\/\/websitedemos.net\/wp-content\/uploads\/2021\/07\/public-speaker-08-600x3080.jpg","astra-page-api-url":"https:\/\/websitedemos.net\/public-speaker-08\/wp-json\/wp\/v2\/pages\/1066","dynamic-page":"no","astra-page-url":"\/\/websitedemos.net\/public-speaker-08\/","astra-sites-tag":{"423":"home"},"site-pages-type":"free","site-pages-page-builder":"gutenberg","site-pages-category":[],"site-pages-parent-category":{"60":"business","61":"free"},"required-plugins":[{"slug":"ultimate-addons-for-gutenberg","init":"ultimate-addons-for-gutenberg\/ultimate-addons-for-gutenberg.php","name":"Spectra"}]},"id-56740":{"title":"About","featured-image-url":"https:\/\/websitedemos.net\/wp-content\/uploads\/2021\/07\/public-speaker-08-about-1.jpg","thumbnail-image-url":"https:\/\/websitedemos.net\/wp-content\/uploads\/2021\/07\/public-speaker-08-about-1-600x2525.jpg","astra-page-api-url":"https:\/\/websitedemos.net\/public-speaker-08\/wp-json\/wp\/v2\/pages\/1068","dynamic-page":"no","astra-page-url":"\/\/websitedemos.net\/public-speaker-08\/about\/","astra-sites-tag":{"352":"about"},"site-pages-type":"free","site-pages-page-builder":"gutenberg","site-pages-category":[],"site-pages-parent-category":{"60":"business","61":"free"},"required-plugins":[{"slug":"ultimate-addons-for-gutenberg","init":"ultimate-addons-for-gutenberg\/ultimate-addons-for-gutenberg.php","name":"Spectra"}]},"id-56741":{"title":"Books","featured-image-url":"https:\/\/websitedemos.net\/wp-content\/uploads\/2021\/07\/public-speaker-08-books-1.jpg","thumbnail-image-url":"https:\/\/websitedemos.net\/wp-content\/uploads\/2021\/07\/public-speaker-08-books-1-600x1907.jpg","astra-page-api-url":"https:\/\/websitedemos.net\/public-speaker-08\/wp-json\/wp\/v2\/pages\/1070","dynamic-page":"no","astra-page-url":"\/\/websitedemos.net\/public-speaker-08\/books\/","astra-sites-tag":{"1740":"books"},"site-pages-type":"free","site-pages-page-builder":"gutenberg","site-pages-category":[],"site-pages-parent-category":{"60":"business","61":"free"},"required-plugins":[{"slug":"ultimate-addons-for-gutenberg","init":"ultimate-addons-for-gutenberg\/ultimate-addons-for-gutenberg.php","name":"Spectra"}]},"id-56744":{"title":"What I Offer","featured-image-url":"https:\/\/websitedemos.net\/wp-content\/uploads\/2021\/07\/public-speaker-08-what-i-offer-1.jpg","thumbnail-image-url":"https:\/\/websitedemos.net\/wp-content\/uploads\/2021\/07\/public-speaker-08-what-i-offer-1-600x2028.jpg","astra-page-api-url":"https:\/\/websitedemos.net\/public-speaker-08\/wp-json\/wp\/v2\/pages\/1072","dynamic-page":"no","astra-page-url":"\/\/websitedemos.net\/public-speaker-08\/what-i-offer\/","astra-sites-tag":{"425":"services","1938":"what-i-offer"},"site-pages-type":"free","site-pages-page-builder":"gutenberg","site-pages-category":[],"site-pages-parent-category":{"60":"business","61":"free"},"required-plugins":[{"slug":"ultimate-addons-for-gutenberg","init":"ultimate-addons-for-gutenberg\/ultimate-addons-for-gutenberg.php","name":"Spectra"}]},"id-56742":{"title":"Contact","featured-image-url":"https:\/\/websitedemos.net\/wp-content\/uploads\/2021\/07\/public-speaker-08-contact-1.jpg","thumbnail-image-url":"https:\/\/websitedemos.net\/wp-content\/uploads\/2021\/07\/public-speaker-08-contact-1-600x812.jpg","astra-page-api-url":"https:\/\/websitedemos.net\/public-speaker-08\/wp-json\/wp\/v2\/pages\/1076","dynamic-page":"no","astra-page-url":"\/\/websitedemos.net\/public-speaker-08\/contact\/","astra-sites-tag":{"415":"contact"},"site-pages-type":"free","site-pages-page-builder":"gutenberg","site-pages-category":[],"site-pages-parent-category":{"60":"business","61":"free"},"required-plugins":[{"slug":"ultimate-addons-for-gutenberg","init":"ultimate-addons-for-gutenberg\/ultimate-addons-for-gutenberg.php","name":"Spectra"},{"slug":"sureforms","init":"sureforms\/sureforms.php","name":"SureForms"}]}},"related-bb-template":"","related-elementor-template":"","related-gutenberg-template":"","related_ecommerce_template":"","ecommerce_parent_template":""}}