{"id-18166":{"title":"Plant Shop","id":18166,"publish-date":1516691491,"featured-image-url":"https:\/\/websitedemos.net\/wp-content\/uploads\/2019\/07\/plant-shop-03-homepage.jpg","thumbnail-image-url":"https:\/\/websitedemos.net\/wp-content\/uploads\/2019\/07\/plant-shop-03-homepage.jpg","fullpage-thumbnail-image-url":"https:\/\/websitedemos.net\/wp-content\/uploads\/2019\/07\/plant-shop-03-homepage.jpg","astra-site-url":"\/\/websitedemos.net\/plant-shop-03","astra-site-parent-id":266,"astra-sites-tag":{"2418":"commerce","1017":"e-commerce","496":"ecommerce","2419":"eshopping","2422":"online-market","2420":"online-shopping","383":"online-store","497":"plant-store","495":"plants","2421":"purchases","2417":"reseller","733":"shop","2416":"shopping","749":"store","1024":"woocommerce"},"astra-sites-type":"agency-mini","astra-site-category":{"27":"business","38":"ecommerce"},"astra-sites-template-category":[],"astra-site-page-builder":"beaver-builder","categories":{"2495":"ecommerce"},"required-plugins":[{"slug":"astra-addon","init":"astra-addon\/astra-addon.php","name":"Astra Pro"},{"slug":"beaver-builder-lite-version","init":"beaver-builder-lite-version\/fl-builder.php","name":"Beaver Builder Plugin (Lite Version)"},{"slug":"bb-ultimate-addon","init":"bb-ultimate-addon\/bb-ultimate-addon.php","name":"Ultimate Addons for Beaver Builder"},{"slug":"woocommerce","init":"woocommerce\/woocommerce.php","name":"WooCommerce"},{"slug":"woo-cart-abandonment-recovery","init":"woo-cart-abandonment-recovery\/woo-cart-abandonment-recovery.php","name":"WooCommerce Cart Abandonment Recovery"},{"slug":"woocommerce-payments","init":"woocommerce-payments\/woocommerce-payments.php","name":"WooPayments"}],"post-status":"publish","post-content":"","post-excerpt":"","pages":{"id-24758":{"title":"Home","featured-image-url":"https:\/\/websitedemos.net\/wp-content\/uploads\/2019\/07\/plant-shop-03-homepage.jpg","thumbnail-image-url":"https:\/\/websitedemos.net\/wp-content\/uploads\/2019\/07\/plant-shop-03-homepage.jpg","astra-page-api-url":"https:\/\/websitedemos.net\/plant-shop-03\/wp-json\/wp\/v2\/pages\/4","dynamic-page":"yes","astra-page-url":"\/\/websitedemos.net\/plant-shop-03\/","astra-sites-tag":{"423":"home","399":"one-page"},"site-pages-type":"agency-mini","site-pages-page-builder":"beaver-builder","site-pages-category":[],"site-pages-parent-category":{"60":"business","64":"ecommerce"},"required-plugins":[{"slug":"beaver-builder-lite-version","init":"beaver-builder-lite-version\/fl-builder.php","name":"Beaver Builder Plugin (Lite Version)"},{"slug":"bb-ultimate-addon","init":"bb-ultimate-addon\/bb-ultimate-addon.php","name":"Ultimate Addons for Beaver Builder"},{"slug":"woocommerce-payments","init":"woocommerce-payments\/woocommerce-payments.php","name":"WooPayments"}]}},"related-bb-template":"","related-elementor-template":"","related-gutenberg-template":"","related_ecommerce_template":"","ecommerce_parent_template":""},"id-43398":{"title":"Plant Shop","id":43398,"publish-date":1581008140,"featured-image-url":"https:\/\/websitedemos.net\/wp-content\/uploads\/2019\/07\/plant-shop-04-home.jpg","thumbnail-image-url":"https:\/\/websitedemos.net\/wp-content\/uploads\/2019\/07\/plant-shop-04-home.jpg","fullpage-thumbnail-image-url":"https:\/\/websitedemos.net\/wp-content\/uploads\/2019\/07\/plant-shop-04-home.jpg","astra-site-url":"\/\/websitedemos.net\/plant-shop-06","astra-site-parent-id":1413,"astra-sites-tag":{"2418":"commerce","1017":"e-commerce","496":"ecommerce","2419":"eshopping","399":"one-page","2422":"online-market","2420":"online-shopping","383":"online-store","497":"plant-store","495":"plants","2421":"purchases","2417":"reseller","733":"shop","2416":"shopping","749":"store","1024":"woocommerce"},"astra-sites-type":"agency-mini","astra-site-category":{"27":"business","38":"ecommerce"},"astra-sites-template-category":[],"astra-site-page-builder":"brizy","categories":{"2495":"ecommerce"},"required-plugins":[{"slug":"astra-addon","init":"astra-addon\/astra-addon.php","name":"Astra Pro"},{"slug":"brizy","init":"brizy\/brizy.php","name":"Brizy"},{"slug":"woocommerce","init":"woocommerce\/woocommerce.php","name":"WooCommerce"}],"post-status":"publish","post-content":"","post-excerpt":"","pages":{"id-43399":{"title":"Home","featured-image-url":"https:\/\/websitedemos.net\/wp-content\/uploads\/2019\/07\/plant-shop-04-home.jpg","thumbnail-image-url":"https:\/\/websitedemos.net\/wp-content\/uploads\/2019\/07\/plant-shop-04-home.jpg","astra-page-api-url":"https:\/\/websitedemos.net\/plant-shop-06\/wp-json\/wp\/v2\/pages\/310","dynamic-page":"yes","astra-page-url":"\/\/websitedemos.net\/plant-shop-06\/","astra-sites-tag":{"423":"home","399":"one-page"},"site-pages-type":"agency-mini","site-pages-page-builder":"brizy","site-pages-category":[],"site-pages-parent-category":{"60":"business","64":"ecommerce"},"required-plugins":[{"slug":"brizy","init":"brizy\/brizy.php","name":"Brizy"}]}},"related-bb-template":"","related-elementor-template":"","related-gutenberg-template":"","related_ecommerce_template":"","ecommerce_parent_template":""},"id-46009":{"title":"Painter","id":46009,"publish-date":1586952856,"featured-image-url":"https:\/\/websitedemos.net\/wp-content\/uploads\/2020\/04\/painter-04-home.jpg","thumbnail-image-url":"https:\/\/websitedemos.net\/wp-content\/uploads\/2020\/04\/painter-04-home.jpg","fullpage-thumbnail-image-url":"https:\/\/websitedemos.net\/wp-content\/uploads\/2020\/04\/painter-04-home.jpg","astra-site-url":"\/\/websitedemos.net\/painter-04","astra-site-parent-id":1508,"astra-sites-tag":{"597":"art","1511":"artisan","339":"artist","1513":"craft","1514":"dauber","3416":"elementor","614":"painter","1512":"painting","1844":"premium"},"astra-sites-type":"agency-mini","astra-site-category":{"27":"business"},"astra-sites-template-category":{"2802":"artist","2770":"personal","2768":"portfolio"},"astra-site-page-builder":"elementor","categories":{"2486":"art-music","3427":"default","2488":"portfolio","3429":"premium"},"required-plugins":[{"slug":"elementor","init":"elementor\/elementor.php","name":"Elementor"},{"slug":"wpforms-lite","init":"wpforms-lite\/wpforms.php","name":"WPForms Lite"}],"post-status":"publish","post-content":"<!-- wp:paragraph -->\n<p>The Painter template is a bright, engaging design that opens with a large header, handwritten and modern fonts and lots of bright images. It\u2019s a very creative web template that fits the artist and painter niche perfectly.<\/p>\n<!-- \/wp:paragraph -->\n\n<!-- wp:paragraph -->\n<p>The template includes alternating colored and light backgrounds with textured images, bright contrast colors and flowing layout. Complementary pages all reflect the core design, with different colors to indicate different purposes while looking and feeling similar.<\/p>\n<!-- \/wp:paragraph -->\n\n<!-- wp:heading -->\n<h2>Key features of the Painter template<\/h2>\n<!-- \/wp:heading -->\n\n<!-- wp:list -->\n<ul><li>Bright, colorful design perfect for painters and artists<\/li><li>Flowing layout that encourages you to explore<\/li><li>Strong images to help showcase your work<\/li><li>Extra pages including a portfolio<\/li><li>Full compatibility with leading page builders<\/li><\/ul>\n<!-- \/wp:list -->","post-excerpt":"Colorful website template for artists, creatives and painters to show their work","pages":{"id-46013":{"title":"Home","featured-image-url":"https:\/\/websitedemos.net\/wp-content\/uploads\/2020\/04\/painter-04-home.jpg","thumbnail-image-url":"https:\/\/websitedemos.net\/wp-content\/uploads\/2020\/04\/painter-04-home.jpg","astra-page-api-url":"https:\/\/websitedemos.net\/painter-04\/wp-json\/wp\/v2\/pages\/5","dynamic-page":"no","astra-page-url":"\/\/websitedemos.net\/painter-04\/","astra-sites-tag":{"423":"home"},"site-pages-type":"agency-mini","site-pages-page-builder":"elementor","site-pages-category":[],"site-pages-parent-category":{"60":"business"},"required-plugins":[{"slug":"elementor","init":"elementor\/elementor.php","name":"Elementor"}]},"id-46010":{"title":"About","featured-image-url":"https:\/\/websitedemos.net\/wp-content\/uploads\/2020\/04\/painter-about-page-04.jpg","thumbnail-image-url":"https:\/\/websitedemos.net\/wp-content\/uploads\/2020\/04\/painter-about-page-04.jpg","astra-page-api-url":"https:\/\/websitedemos.net\/painter-04\/wp-json\/wp\/v2\/pages\/7","dynamic-page":"no","astra-page-url":"\/\/websitedemos.net\/painter-04\/about\/","astra-sites-tag":{"352":"about"},"site-pages-type":"agency-mini","site-pages-page-builder":"elementor","site-pages-category":[],"site-pages-parent-category":{"60":"business"},"required-plugins":[{"slug":"elementor","init":"elementor\/elementor.php","name":"Elementor"}]},"id-46011":{"title":"Artworks","featured-image-url":"https:\/\/websitedemos.net\/wp-content\/uploads\/2020\/04\/painter-04-artworks.jpg","thumbnail-image-url":"https:\/\/websitedemos.net\/wp-content\/uploads\/2020\/04\/painter-04-artworks.jpg","astra-page-api-url":"https:\/\/websitedemos.net\/painter-04\/wp-json\/wp\/v2\/pages\/9","dynamic-page":"no","astra-page-url":"\/\/websitedemos.net\/painter-04\/artworks\/","astra-sites-tag":{"597":"art","1509":"artwork"},"site-pages-type":"agency-mini","site-pages-page-builder":"elementor","site-pages-category":[],"site-pages-parent-category":{"60":"business"},"required-plugins":[{"slug":"elementor","init":"elementor\/elementor.php","name":"Elementor"}]},"id-46014":{"title":"Studio","featured-image-url":"https:\/\/websitedemos.net\/wp-content\/uploads\/2020\/04\/painter-04-studio.jpg","thumbnail-image-url":"https:\/\/websitedemos.net\/wp-content\/uploads\/2020\/04\/painter-04-studio.jpg","astra-page-api-url":"https:\/\/websitedemos.net\/painter-04\/wp-json\/wp\/v2\/pages\/11","dynamic-page":"no","astra-page-url":"\/\/websitedemos.net\/painter-04\/studio\/","astra-sites-tag":{"1510":"studio"},"site-pages-type":"agency-mini","site-pages-page-builder":"elementor","site-pages-category":[],"site-pages-parent-category":{"60":"business"},"required-plugins":[{"slug":"elementor","init":"elementor\/elementor.php","name":"Elementor"}]},"id-46012":{"title":"Contact","featured-image-url":"https:\/\/websitedemos.net\/wp-content\/uploads\/2020\/04\/painter-04-contact.jpg","thumbnail-image-url":"https:\/\/websitedemos.net\/wp-content\/uploads\/2020\/04\/painter-04-contact.jpg","astra-page-api-url":"https:\/\/websitedemos.net\/painter-04\/wp-json\/wp\/v2\/pages\/13","dynamic-page":"no","astra-page-url":"\/\/websitedemos.net\/painter-04\/contact\/","astra-sites-tag":{"415":"contact"},"site-pages-type":"agency-mini","site-pages-page-builder":"elementor","site-pages-category":[],"site-pages-parent-category":{"60":"business"},"required-plugins":[{"slug":"elementor","init":"elementor\/elementor.php","name":"Elementor"},{"slug":"wpforms-lite","init":"wpforms-lite\/wpforms.php","name":"WPForms Lite"}]}},"related-bb-template":46026,"related-elementor-template":46009,"related-gutenberg-template":87409,"related_ecommerce_template":"","ecommerce_parent_template":""},"id-46026":{"title":"Painter","id":46026,"publish-date":1586952849,"featured-image-url":"https:\/\/websitedemos.net\/wp-content\/uploads\/2020\/04\/painter-03.jpg","thumbnail-image-url":"https:\/\/websitedemos.net\/wp-content\/uploads\/2020\/04\/painter-03.jpg","fullpage-thumbnail-image-url":"https:\/\/websitedemos.net\/wp-content\/uploads\/2020\/04\/painter-03.jpg","astra-site-url":"\/\/websitedemos.net\/painter-03","astra-site-parent-id":1515,"astra-sites-tag":{"597":"art","1511":"artisan","339":"artist","1513":"craft","1514":"dauber","614":"painter","1512":"painting"},"astra-sites-type":"agency-mini","astra-site-category":{"27":"business"},"astra-sites-template-category":[],"astra-site-page-builder":"beaver-builder","categories":{"2488":"portfolio"},"required-plugins":[{"slug":"beaver-builder-lite-version","init":"beaver-builder-lite-version\/fl-builder.php","name":"Beaver Builder Plugin (Lite Version)"},{"slug":"bb-ultimate-addon","init":"bb-ultimate-addon\/bb-ultimate-addon.php","name":"Ultimate Addons for Beaver Builder"},{"slug":"wpforms-lite","init":"wpforms-lite\/wpforms.php","name":"WPForms Lite"}],"post-status":"publish","post-content":"","post-excerpt":"","pages":{"id-46030":{"title":"Home","featured-image-url":"https:\/\/websitedemos.net\/wp-content\/uploads\/2020\/04\/painter-03.jpg","thumbnail-image-url":"https:\/\/websitedemos.net\/wp-content\/uploads\/2020\/04\/painter-03.jpg","astra-page-api-url":"https:\/\/websitedemos.net\/painter-03\/wp-json\/wp\/v2\/pages\/232","dynamic-page":"no","astra-page-url":"\/\/websitedemos.net\/painter-03\/","astra-sites-tag":{"423":"home"},"site-pages-type":"agency-mini","site-pages-page-builder":"beaver-builder","site-pages-category":[],"site-pages-parent-category":{"60":"business"},"required-plugins":[{"slug":"beaver-builder-lite-version","init":"beaver-builder-lite-version\/fl-builder.php","name":"Beaver Builder Plugin (Lite Version)"},{"slug":"bb-ultimate-addon","init":"bb-ultimate-addon\/bb-ultimate-addon.php","name":"Ultimate Addons for Beaver Builder"}]},"id-46027":{"title":"About","featured-image-url":"https:\/\/websitedemos.net\/wp-content\/uploads\/2020\/04\/painter-about-page-04.jpg","thumbnail-image-url":"https:\/\/websitedemos.net\/wp-content\/uploads\/2020\/04\/painter-about-page-04.jpg","astra-page-api-url":"https:\/\/websitedemos.net\/painter-03\/wp-json\/wp\/v2\/pages\/218","dynamic-page":"no","astra-page-url":"\/\/websitedemos.net\/painter-03\/about\/","astra-sites-tag":{"352":"about"},"site-pages-type":"agency-mini","site-pages-page-builder":"beaver-builder","site-pages-category":[],"site-pages-parent-category":{"60":"business"},"required-plugins":[{"slug":"beaver-builder-lite-version","init":"beaver-builder-lite-version\/fl-builder.php","name":"Beaver Builder Plugin (Lite Version)"},{"slug":"bb-ultimate-addon","init":"bb-ultimate-addon\/bb-ultimate-addon.php","name":"Ultimate Addons for Beaver Builder"}]},"id-46028":{"title":"Artworks","featured-image-url":"https:\/\/websitedemos.net\/wp-content\/uploads\/2020\/04\/painter-03-artworks.jpg","thumbnail-image-url":"https:\/\/websitedemos.net\/wp-content\/uploads\/2020\/04\/painter-03-artworks.jpg","astra-page-api-url":"https:\/\/websitedemos.net\/painter-03\/wp-json\/wp\/v2\/pages\/219","dynamic-page":"no","astra-page-url":"\/\/websitedemos.net\/painter-03\/artworks\/","astra-sites-tag":{"1509":"artwork"},"site-pages-type":"agency-mini","site-pages-page-builder":"beaver-builder","site-pages-category":[],"site-pages-parent-category":{"60":"business"},"required-plugins":[{"slug":"beaver-builder-lite-version","init":"beaver-builder-lite-version\/fl-builder.php","name":"Beaver Builder Plugin (Lite Version)"},{"slug":"bb-ultimate-addon","init":"bb-ultimate-addon\/bb-ultimate-addon.php","name":"Ultimate Addons for Beaver Builder"}]},"id-46031":{"title":"Studio","featured-image-url":"https:\/\/websitedemos.net\/wp-content\/uploads\/2020\/04\/painter-03-studio.jpg","thumbnail-image-url":"https:\/\/websitedemos.net\/wp-content\/uploads\/2020\/04\/painter-03-studio.jpg","astra-page-api-url":"https:\/\/websitedemos.net\/painter-03\/wp-json\/wp\/v2\/pages\/220","dynamic-page":"no","astra-page-url":"\/\/websitedemos.net\/painter-03\/studio\/","astra-sites-tag":{"1510":"studio"},"site-pages-type":"agency-mini","site-pages-page-builder":"beaver-builder","site-pages-category":[],"site-pages-parent-category":{"60":"business"},"required-plugins":[{"slug":"beaver-builder-lite-version","init":"beaver-builder-lite-version\/fl-builder.php","name":"Beaver Builder Plugin (Lite Version)"},{"slug":"bb-ultimate-addon","init":"bb-ultimate-addon\/bb-ultimate-addon.php","name":"Ultimate Addons for Beaver Builder"}]},"id-46029":{"title":"Contact","featured-image-url":"https:\/\/websitedemos.net\/wp-content\/uploads\/2020\/04\/painter-03-contact.jpg","thumbnail-image-url":"https:\/\/websitedemos.net\/wp-content\/uploads\/2020\/04\/painter-03-contact.jpg","astra-page-api-url":"https:\/\/websitedemos.net\/painter-03\/wp-json\/wp\/v2\/pages\/221","dynamic-page":"no","astra-page-url":"\/\/websitedemos.net\/painter-03\/contact\/","astra-sites-tag":{"415":"contact"},"site-pages-type":"agency-mini","site-pages-page-builder":"beaver-builder","site-pages-category":[],"site-pages-parent-category":{"60":"business"},"required-plugins":[{"slug":"beaver-builder-lite-version","init":"beaver-builder-lite-version\/fl-builder.php","name":"Beaver Builder Plugin (Lite Version)"},{"slug":"bb-ultimate-addon","init":"bb-ultimate-addon\/bb-ultimate-addon.php","name":"Ultimate Addons for Beaver Builder"},{"slug":"wpforms-lite","init":"wpforms-lite\/wpforms.php","name":"WPForms Lite"}]}},"related-bb-template":"","related-elementor-template":"","related-gutenberg-template":"","related_ecommerce_template":"","ecommerce_parent_template":""},"id-19540":{"title":"Yoga Instructor","id":19540,"publish-date":1540964155,"featured-image-url":"https:\/\/websitedemos.net\/wp-content\/uploads\/2018\/10\/yoga-instructor-sarah-homepage.jpg","thumbnail-image-url":"https:\/\/websitedemos.net\/wp-content\/uploads\/2018\/10\/yoga-instructor-sarah-homepage.jpg","fullpage-thumbnail-image-url":"https:\/\/websitedemos.net\/wp-content\/uploads\/2018\/10\/yoga-instructor-sarah-homepage.jpg","astra-site-url":"\/\/websitedemos.net\/yoga-instructor-02","astra-site-parent-id":105,"astra-sites-tag":{"3416":"elementor","499":"fitness","976":"gym-instructor","849":"health-yoga","1020":"personal","395":"yoga-instructor","397":"yoga-studio","398":"yoga-trainer"},"astra-sites-type":"free","astra-site-category":{"27":"business","39":"free"},"astra-sites-template-category":{"2787":"gym-fitness","2770":"personal","2808":"yoga"},"astra-site-page-builder":"elementor","categories":{"3427":"default","2480":"fitness-wellness","3428":"free"},"required-plugins":[{"slug":"elementor","init":"elementor\/elementor.php","name":"Elementor"},{"slug":"wpforms-lite","init":"wpforms-lite\/wpforms.php","name":"WPForms Lite"},{"slug":"header-footer-elementor","init":"header-footer-elementor\/header-footer-elementor.php","name":"Ultimate Addons for Elementor Lite"}],"post-status":"publish","post-content":"<!-- wp:paragraph -->\n<p>The Yoga Instructor template is a light, accessible design with a relaxed feel ideal for the wellness niche. It has a light fullscreen image with a yoga pose and engaging headline text. The rest of the design uses plenty of whitespace and a nice pink contrast color.<\/p>\n<!-- \/wp:paragraph -->\n\n<!-- wp:paragraph -->\n<p>The page uses lovely graphics to showcase services and includes flexible content areas where you can share your passion and engage your audience with storytelling. All backed up by subtle calls to action and an attractive contact page.<\/p>\n<!-- \/wp:paragraph -->\n\n<!-- wp:heading -->\n<h2>Key features of the Yoga Instructor template<\/h2>\n<!-- \/wp:heading -->\n\n<!-- wp:list -->\n<ul><li>Relaxed design that works for the yoga niche<\/li><li>Light layout with plenty of whitespace<\/li><li>Flexible content areas<\/li><li>Contact form included with the template<\/li><li>Full compatibility with leading page builders<\/li><\/ul>\n<!-- \/wp:list -->","post-excerpt":"Relaxed web template ideal for yoga instructors and wellness business owners","pages":{"id-22967":{"title":"Home","featured-image-url":"https:\/\/websitedemos.net\/wp-content\/uploads\/2018\/10\/yoga-instructor-sarah-homepage.jpg","thumbnail-image-url":"https:\/\/websitedemos.net\/wp-content\/uploads\/2018\/10\/yoga-instructor-sarah-homepage.jpg","astra-page-api-url":"https:\/\/websitedemos.net\/yoga-instructor-02\/wp-json\/wp\/v2\/pages\/4","dynamic-page":"no","astra-page-url":"\/\/websitedemos.net\/yoga-instructor-02\/","astra-sites-tag":{"423":"home"},"site-pages-type":"free","site-pages-page-builder":"elementor","site-pages-category":[],"site-pages-parent-category":{"60":"business","61":"free"},"required-plugins":[{"slug":"elementor","init":"elementor\/elementor.php","name":"Elementor"},{"slug":"header-footer-elementor","init":"header-footer-elementor\/header-footer-elementor.php","name":"Ultimate Addons for Elementor Lite"}]},"id-22963":{"title":"About Me","featured-image-url":"https:\/\/websitedemos.net\/wp-content\/uploads\/2019\/07\/yoga-instructor-sarah-about-page.jpg","thumbnail-image-url":"https:\/\/websitedemos.net\/wp-content\/uploads\/2019\/07\/yoga-instructor-sarah-about-page.jpg","astra-page-api-url":"https:\/\/websitedemos.net\/yoga-instructor-02\/wp-json\/wp\/v2\/pages\/34","dynamic-page":"no","astra-page-url":"\/\/websitedemos.net\/yoga-instructor-02\/about-me\/","astra-sites-tag":{"352":"about"},"site-pages-type":"free","site-pages-page-builder":"elementor","site-pages-category":[],"site-pages-parent-category":{"60":"business","61":"free"},"required-plugins":[{"slug":"elementor","init":"elementor\/elementor.php","name":"Elementor"}]},"id-22965":{"title":"Classes","featured-image-url":"https:\/\/websitedemos.net\/wp-content\/uploads\/2019\/07\/yoga-instructor-class-page.jpg","thumbnail-image-url":"https:\/\/websitedemos.net\/wp-content\/uploads\/2019\/07\/yoga-instructor-class-page.jpg","astra-page-api-url":"https:\/\/websitedemos.net\/yoga-instructor-02\/wp-json\/wp\/v2\/pages\/35","dynamic-page":"no","astra-page-url":"\/\/websitedemos.net\/yoga-instructor-02\/classes\/","astra-sites-tag":{"557":"classes"},"site-pages-type":"free","site-pages-page-builder":"elementor","site-pages-category":[],"site-pages-parent-category":{"60":"business","61":"free"},"required-plugins":[{"slug":"elementor","init":"elementor\/elementor.php","name":"Elementor"},{"slug":"header-footer-elementor","init":"header-footer-elementor\/header-footer-elementor.php","name":"Ultimate Addons for Elementor Lite"}]},"id-22968":{"title":"Publications","featured-image-url":"https:\/\/websitedemos.net\/wp-content\/uploads\/2019\/07\/yoga-instructor-publication.jpg","thumbnail-image-url":"https:\/\/websitedemos.net\/wp-content\/uploads\/2019\/07\/yoga-instructor-publication.jpg","astra-page-api-url":"https:\/\/websitedemos.net\/yoga-instructor-02\/wp-json\/wp\/v2\/pages\/81","dynamic-page":"no","astra-page-url":"\/\/websitedemos.net\/yoga-instructor-02\/publications\/","astra-sites-tag":{"558":"publication"},"site-pages-type":"free","site-pages-page-builder":"elementor","site-pages-category":[],"site-pages-parent-category":{"60":"business","61":"free"},"required-plugins":[{"slug":"elementor","init":"elementor\/elementor.php","name":"Elementor"}]},"id-22966":{"title":"Get Fit","featured-image-url":"https:\/\/websitedemos.net\/wp-content\/uploads\/2019\/07\/yoga-instructor-getfit-page.jpg","thumbnail-image-url":"https:\/\/websitedemos.net\/wp-content\/uploads\/2019\/07\/yoga-instructor-getfit-page.jpg","astra-page-api-url":"https:\/\/websitedemos.net\/yoga-instructor-02\/wp-json\/wp\/v2\/pages\/94","dynamic-page":"no","astra-page-url":"\/\/websitedemos.net\/yoga-instructor-02\/get-fit\/","astra-sites-tag":{"415":"contact"},"site-pages-type":"free","site-pages-page-builder":"elementor","site-pages-category":[],"site-pages-parent-category":{"60":"business","61":"free"},"required-plugins":[{"slug":"elementor","init":"elementor\/elementor.php","name":"Elementor"},{"slug":"wpforms-lite","init":"wpforms-lite\/wpforms.php","name":"WPForms Lite"}]}},"related-bb-template":19629,"related-elementor-template":19540,"related-gutenberg-template":48631,"related_ecommerce_template":"","ecommerce_parent_template":""},"id-19629":{"title":"Yoga Instructor","id":19629,"publish-date":1540964157,"featured-image-url":"https:\/\/websitedemos.net\/wp-content\/uploads\/2019\/07\/yoga-instructor-01-home-1.jpg","thumbnail-image-url":"https:\/\/websitedemos.net\/wp-content\/uploads\/2019\/07\/yoga-instructor-01-home-1.jpg","fullpage-thumbnail-image-url":"https:\/\/websitedemos.net\/wp-content\/uploads\/2019\/07\/yoga-instructor-01-home-1.jpg","astra-site-url":"\/\/websitedemos.net\/yoga-instructor-01","astra-site-parent-id":107,"astra-sites-tag":{"499":"fitness","976":"gym-instructor","395":"yoga-instructor","397":"yoga-studio","398":"yoga-trainer"},"astra-sites-type":"free","astra-site-category":{"27":"business","39":"free"},"astra-sites-template-category":[],"astra-site-page-builder":"beaver-builder","categories":{"2480":"fitness-wellness"},"required-plugins":[{"slug":"beaver-builder-lite-version","init":"beaver-builder-lite-version\/fl-builder.php","name":"Beaver Builder Plugin (Lite Version)"},{"slug":"ultimate-addons-for-beaver-builder-lite","init":"ultimate-addons-for-beaver-builder-lite\/bb-ultimate-addon.php","name":"Ultimate Addons for Beaver Builder - Lite"},{"slug":"wpforms-lite","init":"wpforms-lite\/wpforms.php","name":"WPForms Lite"}],"post-status":"publish","post-content":"","post-excerpt":"","pages":{"id-22987":{"title":"Home","featured-image-url":"https:\/\/websitedemos.net\/wp-content\/uploads\/2019\/07\/yoga-instructor-01.jpg","thumbnail-image-url":"https:\/\/websitedemos.net\/wp-content\/uploads\/2019\/07\/yoga-instructor-01.jpg","astra-page-api-url":"https:\/\/websitedemos.net\/yoga-instructor-01\/wp-json\/wp\/v2\/pages\/137","dynamic-page":"no","astra-page-url":"\/\/websitedemos.net\/yoga-instructor-01\/","astra-sites-tag":{"423":"home"},"site-pages-type":"free","site-pages-page-builder":"beaver-builder","site-pages-category":[],"site-pages-parent-category":{"60":"business","61":"free"},"required-plugins":[{"slug":"beaver-builder-lite-version","init":"beaver-builder-lite-version\/fl-builder.php","name":"Beaver Builder Plugin (Lite Version)"},{"slug":"ultimate-addons-for-beaver-builder-lite","init":"ultimate-addons-for-beaver-builder-lite\/bb-ultimate-addon.php","name":"Ultimate Addons for Beaver Builder - Lite"}]},"id-22980":{"title":"About Me","featured-image-url":"https:\/\/websitedemos.net\/wp-content\/uploads\/2019\/07\/yoga-instructor-01-about-me-1.jpg","thumbnail-image-url":"https:\/\/websitedemos.net\/wp-content\/uploads\/2019\/07\/yoga-instructor-01-about-me-1.jpg","astra-page-api-url":"https:\/\/websitedemos.net\/yoga-instructor-01\/wp-json\/wp\/v2\/pages\/34","dynamic-page":"no","astra-page-url":"\/\/websitedemos.net\/yoga-instructor-01\/about-me\/","astra-sites-tag":{"352":"about"},"site-pages-type":"free","site-pages-page-builder":"beaver-builder","site-pages-category":[],"site-pages-parent-category":{"60":"business","61":"free"},"required-plugins":[{"slug":"beaver-builder-lite-version","init":"beaver-builder-lite-version\/fl-builder.php","name":"Beaver Builder Plugin (Lite Version)"},{"slug":"ultimate-addons-for-beaver-builder-lite","init":"ultimate-addons-for-beaver-builder-lite\/bb-ultimate-addon.php","name":"Ultimate Addons for Beaver Builder - Lite"}]},"id-22985":{"title":"Classes","featured-image-url":"https:\/\/websitedemos.net\/wp-content\/uploads\/2019\/07\/yoga-instructor-01-classes-1.jpg","thumbnail-image-url":"https:\/\/websitedemos.net\/wp-content\/uploads\/2019\/07\/yoga-instructor-01-classes-1.jpg","astra-page-api-url":"https:\/\/websitedemos.net\/yoga-instructor-01\/wp-json\/wp\/v2\/pages\/35","dynamic-page":"no","astra-page-url":"\/\/websitedemos.net\/yoga-instructor-01\/classes\/","astra-sites-tag":{"557":"classes"},"site-pages-type":"free","site-pages-page-builder":"beaver-builder","site-pages-category":[],"site-pages-parent-category":{"60":"business","61":"free"},"required-plugins":[{"slug":"beaver-builder-lite-version","init":"beaver-builder-lite-version\/fl-builder.php","name":"Beaver Builder Plugin (Lite Version)"},{"slug":"ultimate-addons-for-beaver-builder-lite","init":"ultimate-addons-for-beaver-builder-lite\/bb-ultimate-addon.php","name":"Ultimate Addons for Beaver Builder - Lite"}]},"id-22988":{"title":"Publications","featured-image-url":"https:\/\/websitedemos.net\/wp-content\/uploads\/2019\/07\/yoga-instructor-01-publications-1.jpg","thumbnail-image-url":"https:\/\/websitedemos.net\/wp-content\/uploads\/2019\/07\/yoga-instructor-01-publications-1.jpg","astra-page-api-url":"https:\/\/websitedemos.net\/yoga-instructor-01\/wp-json\/wp\/v2\/pages\/81","dynamic-page":"no","astra-page-url":"\/\/websitedemos.net\/yoga-instructor-01\/publications\/","astra-sites-tag":{"558":"publication"},"site-pages-type":"free","site-pages-page-builder":"beaver-builder","site-pages-category":[],"site-pages-parent-category":{"60":"business","61":"free"},"required-plugins":[{"slug":"beaver-builder-lite-version","init":"beaver-builder-lite-version\/fl-builder.php","name":"Beaver Builder Plugin (Lite Version)"},{"slug":"ultimate-addons-for-beaver-builder-lite","init":"ultimate-addons-for-beaver-builder-lite\/bb-ultimate-addon.php","name":"Ultimate Addons for Beaver Builder - Lite"}]},"id-22986":{"title":"Get Fit","featured-image-url":"https:\/\/websitedemos.net\/wp-content\/uploads\/2019\/07\/yoga-instructor-01-get-fit-1.jpg","thumbnail-image-url":"https:\/\/websitedemos.net\/wp-content\/uploads\/2019\/07\/yoga-instructor-01-get-fit-1.jpg","astra-page-api-url":"https:\/\/websitedemos.net\/yoga-instructor-01\/wp-json\/wp\/v2\/pages\/94","dynamic-page":"no","astra-page-url":"\/\/websitedemos.net\/yoga-instructor-01\/get-fit\/","astra-sites-tag":{"415":"contact","769":"get-fit"},"site-pages-type":"free","site-pages-page-builder":"beaver-builder","site-pages-category":[],"site-pages-parent-category":{"60":"business","61":"free"},"required-plugins":[{"slug":"beaver-builder-lite-version","init":"beaver-builder-lite-version\/fl-builder.php","name":"Beaver Builder Plugin (Lite Version)"},{"slug":"ultimate-addons-for-beaver-builder-lite","init":"ultimate-addons-for-beaver-builder-lite\/bb-ultimate-addon.php","name":"Ultimate Addons for Beaver Builder - Lite"},{"slug":"wpforms-lite","init":"wpforms-lite\/wpforms.php","name":"WPForms Lite"}]}},"related-bb-template":"","related-elementor-template":"","related-gutenberg-template":"","related_ecommerce_template":"","ecommerce_parent_template":""},"id-39906":{"title":"Church","id":39906,"publish-date":1579633611,"featured-image-url":"https:\/\/websitedemos.net\/wp-content\/uploads\/2020\/01\/church-04-home.jpg","thumbnail-image-url":"https:\/\/websitedemos.net\/wp-content\/uploads\/2020\/01\/church-04-home.jpg","fullpage-thumbnail-image-url":"https:\/\/websitedemos.net\/wp-content\/uploads\/2020\/01\/church-04-home.jpg","astra-site-url":"\/\/websitedemos.net\/church-04","astra-site-parent-id":1199,"astra-sites-tag":{"897":"catholic-church","625":"charity","893":"church","898":"community-church","735":"donate","3416":"elementor","1844":"premium"},"astra-sites-type":"agency-mini","astra-site-category":{"36":"other"},"astra-sites-template-category":{"2786":"charity-nonprofit","2789":"church","2864":"community","2872":"donation-fundraiser","2784":"event"},"astra-site-page-builder":"elementor","categories":{"3427":"default","2492":"non-profit","3429":"premium"},"required-plugins":[{"slug":"elementor","init":"elementor\/elementor.php","name":"Elementor"},{"slug":"header-footer-elementor","init":"header-footer-elementor\/header-footer-elementor.php","name":"Elementor Header & Footer Builder"},{"slug":"give","init":"give\/give.php","name":"Give - Donation Plugin"},{"slug":"ultimate-elementor","init":"ultimate-elementor\/ultimate-elementor.php","name":"Ultimate Addons for Elementor"},{"slug":"wpforms-lite","init":"wpforms-lite\/wpforms.php","name":"WPForms Lite"}],"post-status":"publish","post-content":"<!-- wp:paragraph -->\n<p>The Church website template has a serene feel while portraying the seriousness of the subject in a welcoming manner. The template opens with a full screen image and strong headlines and call to action.<\/p>\n<!-- \/wp:paragraph -->\n\n<!-- wp:paragraph -->\n<p>The rest of the theme has a lighter feel and more open layout with images, content areas, offset sections and feature spaces. The extra pages are all relevant to the niche and provide lots of opportunities to continue spreading the good word.<\/p>\n<!-- \/wp:paragraph -->\n\n<!-- wp:heading -->\n<h2>Key features of the Church template<\/h2>\n<!-- \/wp:heading -->\n\n<!-- wp:list -->\n<ul><li>Serene design with lots of modern touches<\/li><li>Offset layout creates engagement and feels open<\/li><li>Lots of content areas for spreading the word<\/li><li>Extra pages relevant to the niche<\/li><li>Full compatibility with leading page builders<\/li><\/ul>\n<!-- \/wp:list -->","post-excerpt":"Welcoming church web template that\u2019s open and inclusive to help spread the word","pages":{"id-57915":{"title":"Donor Dashboard","featured-image-url":"","thumbnail-image-url":"","astra-page-api-url":"https:\/\/websitedemos.net\/church-04\/wp-json\/wp\/v2\/pages\/2050","dynamic-page":"no","astra-page-url":"\/\/websitedemos.net\/church-04\/donor-dashboard-4\/","astra-sites-tag":[],"site-pages-type":[],"site-pages-page-builder":"gutenberg","site-pages-category":[],"site-pages-parent-category":[],"required-plugins":""},"id-57916":{"title":"Donor Dashboard","featured-image-url":"","thumbnail-image-url":"","astra-page-api-url":"https:\/\/websitedemos.net\/church-04\/wp-json\/wp\/v2\/pages\/2041","dynamic-page":"no","astra-page-url":"\/\/websitedemos.net\/church-04\/donor-dashboard\/","astra-sites-tag":[],"site-pages-type":[],"site-pages-page-builder":"gutenberg","site-pages-category":[],"site-pages-parent-category":[],"required-plugins":""},"id-57917":{"title":"Donor Dashboard","featured-image-url":"","thumbnail-image-url":"","astra-page-api-url":"https:\/\/websitedemos.net\/church-04\/wp-json\/wp\/v2\/pages\/2044","dynamic-page":"no","astra-page-url":"\/\/websitedemos.net\/church-04\/donor-dashboard-2\/","astra-sites-tag":[],"site-pages-type":[],"site-pages-page-builder":"gutenberg","site-pages-category":[],"site-pages-parent-category":[],"required-plugins":""},"id-57918":{"title":"Donor Dashboard","featured-image-url":"","thumbnail-image-url":"","astra-page-api-url":"https:\/\/websitedemos.net\/church-04\/wp-json\/wp\/v2\/pages\/2047","dynamic-page":"no","astra-page-url":"\/\/websitedemos.net\/church-04\/donor-dashboard-3\/","astra-sites-tag":[],"site-pages-type":[],"site-pages-page-builder":"gutenberg","site-pages-category":[],"site-pages-parent-category":[],"required-plugins":""},"id-39912":{"title":"Home","featured-image-url":"https:\/\/websitedemos.net\/wp-content\/uploads\/2020\/01\/church-04-home.jpg","thumbnail-image-url":"https:\/\/websitedemos.net\/wp-content\/uploads\/2020\/01\/church-04-home.jpg","astra-page-api-url":"https:\/\/websitedemos.net\/church-04\/wp-json\/wp\/v2\/pages\/9","dynamic-page":"no","astra-page-url":"\/\/websitedemos.net\/church-04\/","astra-sites-tag":{"423":"home"},"site-pages-type":"agency-mini","site-pages-page-builder":"elementor","site-pages-category":[],"site-pages-parent-category":{"139":"other"},"required-plugins":[{"slug":"elementor","init":"elementor\/elementor.php","name":"Elementor"},{"slug":"header-footer-elementor","init":"header-footer-elementor\/header-footer-elementor.php","name":"Elementor Header & Footer Builder"},{"slug":"ultimate-elementor","init":"ultimate-elementor\/ultimate-elementor.php","name":"Ultimate Addons for Elementor"}]},"id-39907":{"title":"About us","featured-image-url":"https:\/\/websitedemos.net\/wp-content\/uploads\/2020\/01\/church-04-about-us-1.jpg","thumbnail-image-url":"https:\/\/websitedemos.net\/wp-content\/uploads\/2020\/01\/church-04-about-us-1.jpg","astra-page-api-url":"https:\/\/websitedemos.net\/church-04\/wp-json\/wp\/v2\/pages\/15","dynamic-page":"no","astra-page-url":"\/\/websitedemos.net\/church-04\/about-us\/","astra-sites-tag":{"352":"about"},"site-pages-type":"agency-mini","site-pages-page-builder":"elementor","site-pages-category":[],"site-pages-parent-category":{"139":"other"},"required-plugins":[{"slug":"elementor","init":"elementor\/elementor.php","name":"Elementor"},{"slug":"header-footer-elementor","init":"header-footer-elementor\/header-footer-elementor.php","name":"Elementor Header & Footer Builder"},{"slug":"ultimate-elementor","init":"ultimate-elementor\/ultimate-elementor.php","name":"Ultimate Addons for Elementor"}]},"id-39910":{"title":"Get connected","featured-image-url":"https:\/\/websitedemos.net\/wp-content\/uploads\/2020\/01\/church-04-get-connected.jpg","thumbnail-image-url":"https:\/\/websitedemos.net\/wp-content\/uploads\/2020\/01\/church-04-get-connected.jpg","astra-page-api-url":"https:\/\/websitedemos.net\/church-04\/wp-json\/wp\/v2\/pages\/18","dynamic-page":"no","astra-page-url":"\/\/websitedemos.net\/church-04\/get-connected\/","astra-sites-tag":{"377":"get-in-touch"},"site-pages-type":"agency-mini","site-pages-page-builder":"elementor","site-pages-category":[],"site-pages-parent-category":{"139":"other"},"required-plugins":[{"slug":"elementor","init":"elementor\/elementor.php","name":"Elementor"},{"slug":"header-footer-elementor","init":"header-footer-elementor\/header-footer-elementor.php","name":"Elementor Header & Footer Builder"},{"slug":"ultimate-elementor","init":"ultimate-elementor\/ultimate-elementor.php","name":"Ultimate Addons for Elementor"}]},"id-39913":{"title":"Sermons","featured-image-url":"https:\/\/websitedemos.net\/wp-content\/uploads\/2020\/01\/church-04-sermons.jpg","thumbnail-image-url":"https:\/\/websitedemos.net\/wp-content\/uploads\/2020\/01\/church-04-sermons.jpg","astra-page-api-url":"https:\/\/websitedemos.net\/church-04\/wp-json\/wp\/v2\/pages\/20","dynamic-page":"no","astra-page-url":"\/\/websitedemos.net\/church-04\/sermons\/","astra-sites-tag":{"892":"sermons"},"site-pages-type":"agency-mini","site-pages-page-builder":"elementor","site-pages-category":[],"site-pages-parent-category":{"139":"other"},"required-plugins":[{"slug":"elementor","init":"elementor\/elementor.php","name":"Elementor"},{"slug":"header-footer-elementor","init":"header-footer-elementor\/header-footer-elementor.php","name":"Elementor Header & Footer Builder"},{"slug":"ultimate-elementor","init":"ultimate-elementor\/ultimate-elementor.php","name":"Ultimate Addons for Elementor"}]},"id-39909":{"title":"Events","featured-image-url":"https:\/\/websitedemos.net\/wp-content\/uploads\/2020\/01\/church-04-events.jpg","thumbnail-image-url":"https:\/\/websitedemos.net\/wp-content\/uploads\/2020\/01\/church-04-events.jpg","astra-page-api-url":"https:\/\/websitedemos.net\/church-04\/wp-json\/wp\/v2\/pages\/22","dynamic-page":"no","astra-page-url":"\/\/websitedemos.net\/church-04\/events\/","astra-sites-tag":{"409":"event"},"site-pages-type":"agency-mini","site-pages-page-builder":"elementor","site-pages-category":[],"site-pages-parent-category":{"139":"other"},"required-plugins":[{"slug":"elementor","init":"elementor\/elementor.php","name":"Elementor"},{"slug":"header-footer-elementor","init":"header-footer-elementor\/header-footer-elementor.php","name":"Elementor Header & Footer Builder"},{"slug":"ultimate-elementor","init":"ultimate-elementor\/ultimate-elementor.php","name":"Ultimate Addons for Elementor"}]},"id-39908":{"title":"Contact","featured-image-url":"https:\/\/websitedemos.net\/wp-content\/uploads\/2020\/01\/church-04-contact.jpg","thumbnail-image-url":"https:\/\/websitedemos.net\/wp-content\/uploads\/2020\/01\/church-04-contact.jpg","astra-page-api-url":"https:\/\/websitedemos.net\/church-04\/wp-json\/wp\/v2\/pages\/26","dynamic-page":"no","astra-page-url":"\/\/websitedemos.net\/church-04\/contact\/","astra-sites-tag":{"415":"contact"},"site-pages-type":"agency-mini","site-pages-page-builder":"elementor","site-pages-category":[],"site-pages-parent-category":{"139":"other"},"required-plugins":[{"slug":"elementor","init":"elementor\/elementor.php","name":"Elementor"},{"slug":"header-footer-elementor","init":"header-footer-elementor\/header-footer-elementor.php","name":"Elementor Header & Footer Builder"},{"slug":"ultimate-elementor","init":"ultimate-elementor\/ultimate-elementor.php","name":"Ultimate Addons for Elementor"},{"slug":"wpforms-lite","init":"wpforms-lite\/wpforms.php","name":"WPForms Lite"}]},"id-39911":{"title":"Give","featured-image-url":"https:\/\/websitedemos.net\/wp-content\/uploads\/2020\/01\/church-04-give.jpg","thumbnail-image-url":"https:\/\/websitedemos.net\/wp-content\/uploads\/2020\/01\/church-04-give.jpg","astra-page-api-url":"https:\/\/websitedemos.net\/church-04\/wp-json\/wp\/v2\/pages\/24","dynamic-page":"no","astra-page-url":"\/\/websitedemos.net\/church-04\/give\/","astra-sites-tag":{"735":"donate","1015":"give"},"site-pages-type":"agency-mini","site-pages-page-builder":"elementor","site-pages-category":[],"site-pages-parent-category":{"139":"other"},"required-plugins":[{"slug":"elementor","init":"elementor\/elementor.php","name":"Elementor"},{"slug":"header-footer-elementor","init":"header-footer-elementor\/header-footer-elementor.php","name":"Elementor Header & Footer Builder"},{"slug":"give","init":"give\/give.php","name":"Give - Donation Plugin"},{"slug":"ultimate-elementor","init":"ultimate-elementor\/ultimate-elementor.php","name":"Ultimate Addons for Elementor"}]}},"related-bb-template":44450,"related-elementor-template":39906,"related-gutenberg-template":86818,"related_ecommerce_template":"","ecommerce_parent_template":""},"id-44450":{"title":"Church","id":44450,"publish-date":1586540158,"featured-image-url":"https:\/\/websitedemos.net\/wp-content\/uploads\/2020\/04\/church-03-homepage.jpg","thumbnail-image-url":"https:\/\/websitedemos.net\/wp-content\/uploads\/2020\/04\/church-03-homepage.jpg","fullpage-thumbnail-image-url":"https:\/\/websitedemos.net\/wp-content\/uploads\/2020\/04\/church-03-homepage.jpg","astra-site-url":"\/\/websitedemos.net\/church-03","astra-site-parent-id":1428,"astra-sites-tag":{"897":"catholic-church","625":"charity","893":"church","898":"community-church","735":"donate"},"astra-sites-type":"agency-mini","astra-site-category":{"36":"other"},"astra-sites-template-category":[],"astra-site-page-builder":"beaver-builder","categories":{"2492":"non-profit"},"required-plugins":[{"slug":"astra-addon","init":"astra-addon\/astra-addon.php","name":"Astra Pro"},{"slug":"beaver-builder-lite-version","init":"beaver-builder-lite-version\/fl-builder.php","name":"Beaver Builder Plugin (Lite Version)"},{"slug":"bb-ultimate-addon","init":"bb-ultimate-addon\/bb-ultimate-addon.php","name":"Ultimate Addons for Beaver Builder"},{"slug":"give","init":"give\/give.php","name":"Give - Donation Plugin"},{"slug":"wpforms-lite","init":"wpforms-lite\/wpforms.php","name":"WPForms Lite"}],"post-status":"publish","post-content":"","post-excerpt":"","pages":{"id-57928":{"title":"Donor Dashboard","featured-image-url":"","thumbnail-image-url":"","astra-page-api-url":"https:\/\/websitedemos.net\/church-03\/wp-json\/wp\/v2\/pages\/2034","dynamic-page":"no","astra-page-url":"\/\/websitedemos.net\/church-03\/donor-dashboard\/","astra-sites-tag":[],"site-pages-type":"agency-mini","site-pages-page-builder":"gutenberg","site-pages-category":[],"site-pages-parent-category":{"139":"other"},"required-plugins":""},"id-44457":{"title":"Home","featured-image-url":"https:\/\/websitedemos.net\/wp-content\/uploads\/2020\/04\/church-03-homepage.jpg","thumbnail-image-url":"https:\/\/websitedemos.net\/wp-content\/uploads\/2020\/04\/church-03-homepage.jpg","astra-page-api-url":"https:\/\/websitedemos.net\/church-03\/wp-json\/wp\/v2\/pages\/307","dynamic-page":"no","astra-page-url":"\/\/websitedemos.net\/church-03\/","astra-sites-tag":{"423":"home"},"site-pages-type":"agency-mini","site-pages-page-builder":"beaver-builder","site-pages-category":[],"site-pages-parent-category":{"139":"other"},"required-plugins":[{"slug":"beaver-builder-lite-version","init":"beaver-builder-lite-version\/fl-builder.php","name":"Beaver Builder Plugin (Lite Version)"},{"slug":"bb-ultimate-addon","init":"bb-ultimate-addon\/bb-ultimate-addon.php","name":"Ultimate Addons for Beaver Builder"}]},"id-44451":{"title":"About us","featured-image-url":"https:\/\/websitedemos.net\/wp-content\/uploads\/2020\/04\/church-03-about-us.jpg","thumbnail-image-url":"https:\/\/websitedemos.net\/wp-content\/uploads\/2020\/04\/church-03-about-us.jpg","astra-page-api-url":"https:\/\/websitedemos.net\/church-03\/wp-json\/wp\/v2\/pages\/308","dynamic-page":"no","astra-page-url":"\/\/websitedemos.net\/church-03\/about-us\/","astra-sites-tag":{"352":"about"},"site-pages-type":"agency-mini","site-pages-page-builder":"beaver-builder","site-pages-category":[],"site-pages-parent-category":{"139":"other"},"required-plugins":[{"slug":"beaver-builder-lite-version","init":"beaver-builder-lite-version\/fl-builder.php","name":"Beaver Builder Plugin (Lite Version)"},{"slug":"bb-ultimate-addon","init":"bb-ultimate-addon\/bb-ultimate-addon.php","name":"Ultimate Addons for Beaver Builder"}]},"id-44455":{"title":"Get connected","featured-image-url":"https:\/\/websitedemos.net\/wp-content\/uploads\/2020\/04\/church-03-get-connected.jpg","thumbnail-image-url":"https:\/\/websitedemos.net\/wp-content\/uploads\/2020\/04\/church-03-get-connected.jpg","astra-page-api-url":"https:\/\/websitedemos.net\/church-03\/wp-json\/wp\/v2\/pages\/309","dynamic-page":"no","astra-page-url":"\/\/websitedemos.net\/church-03\/get-connected\/","astra-sites-tag":{"896":"get-connected"},"site-pages-type":"agency-mini","site-pages-page-builder":"beaver-builder","site-pages-category":[],"site-pages-parent-category":{"139":"other"},"required-plugins":[{"slug":"beaver-builder-lite-version","init":"beaver-builder-lite-version\/fl-builder.php","name":"Beaver Builder Plugin (Lite Version)"},{"slug":"bb-ultimate-addon","init":"bb-ultimate-addon\/bb-ultimate-addon.php","name":"Ultimate Addons for Beaver Builder"}]},"id-44458":{"title":"Sermons","featured-image-url":"https:\/\/websitedemos.net\/wp-content\/uploads\/2020\/04\/church-03-sermons.jpg","thumbnail-image-url":"https:\/\/websitedemos.net\/wp-content\/uploads\/2020\/04\/church-03-sermons.jpg","astra-page-api-url":"https:\/\/websitedemos.net\/church-03\/wp-json\/wp\/v2\/pages\/310","dynamic-page":"no","astra-page-url":"\/\/websitedemos.net\/church-03\/sermons\/","astra-sites-tag":{"892":"sermons"},"site-pages-type":"agency-mini","site-pages-page-builder":"beaver-builder","site-pages-category":[],"site-pages-parent-category":{"139":"other"},"required-plugins":[{"slug":"beaver-builder-lite-version","init":"beaver-builder-lite-version\/fl-builder.php","name":"Beaver Builder Plugin (Lite Version)"},{"slug":"bb-ultimate-addon","init":"bb-ultimate-addon\/bb-ultimate-addon.php","name":"Ultimate Addons for Beaver Builder"}]},"id-44454":{"title":"Events","featured-image-url":"https:\/\/websitedemos.net\/wp-content\/uploads\/2020\/04\/church-03-events.jpg","thumbnail-image-url":"https:\/\/websitedemos.net\/wp-content\/uploads\/2020\/04\/church-03-events.jpg","astra-page-api-url":"https:\/\/websitedemos.net\/church-03\/wp-json\/wp\/v2\/pages\/311","dynamic-page":"no","astra-page-url":"\/\/websitedemos.net\/church-03\/events\/","astra-sites-tag":{"409":"event"},"site-pages-type":"agency-mini","site-pages-page-builder":"beaver-builder","site-pages-category":[],"site-pages-parent-category":{"139":"other"},"required-plugins":[{"slug":"beaver-builder-lite-version","init":"beaver-builder-lite-version\/fl-builder.php","name":"Beaver Builder Plugin (Lite Version)"},{"slug":"bb-ultimate-addon","init":"bb-ultimate-addon\/bb-ultimate-addon.php","name":"Ultimate Addons for Beaver Builder"}]},"id-44456":{"title":"Give","featured-image-url":"https:\/\/websitedemos.net\/wp-content\/uploads\/2020\/04\/church-03-give.jpg","thumbnail-image-url":"https:\/\/websitedemos.net\/wp-content\/uploads\/2020\/04\/church-03-give.jpg","astra-page-api-url":"https:\/\/websitedemos.net\/church-03\/wp-json\/wp\/v2\/pages\/312","dynamic-page":"no","astra-page-url":"\/\/websitedemos.net\/church-03\/give\/","astra-sites-tag":{"735":"donate","1015":"give"},"site-pages-type":"agency-mini","site-pages-page-builder":"beaver-builder","site-pages-category":[],"site-pages-parent-category":{"139":"other"},"required-plugins":[{"slug":"beaver-builder-lite-version","init":"beaver-builder-lite-version\/fl-builder.php","name":"Beaver Builder Plugin (Lite Version)"},{"slug":"give","init":"give\/give.php","name":"Give - Donation Plugin"},{"slug":"bb-ultimate-addon","init":"bb-ultimate-addon\/bb-ultimate-addon.php","name":"Ultimate Addons for Beaver Builder"}]},"id-44453":{"title":"Contact","featured-image-url":"https:\/\/websitedemos.net\/wp-content\/uploads\/2020\/04\/church-03-contact.jpg","thumbnail-image-url":"https:\/\/websitedemos.net\/wp-content\/uploads\/2020\/04\/church-03-contact.jpg","astra-page-api-url":"https:\/\/websitedemos.net\/church-03\/wp-json\/wp\/v2\/pages\/313","dynamic-page":"no","astra-page-url":"\/\/websitedemos.net\/church-03\/contact\/","astra-sites-tag":{"415":"contact"},"site-pages-type":"agency-mini","site-pages-page-builder":"beaver-builder","site-pages-category":[],"site-pages-parent-category":{"139":"other"},"required-plugins":[{"slug":"beaver-builder-lite-version","init":"beaver-builder-lite-version\/fl-builder.php","name":"Beaver Builder Plugin (Lite Version)"},{"slug":"bb-ultimate-addon","init":"bb-ultimate-addon\/bb-ultimate-addon.php","name":"Ultimate Addons for Beaver Builder"}]}},"related-bb-template":"","related-elementor-template":"","related-gutenberg-template":"","related_ecommerce_template":"","ecommerce_parent_template":""},"id-45643":{"title":"Cosmetics Store","id":45643,"publish-date":1585296959,"featured-image-url":"https:\/\/websitedemos.net\/wp-content\/uploads\/2020\/04\/cosmetic-store-homepage.jpg","thumbnail-image-url":"https:\/\/websitedemos.net\/wp-content\/uploads\/2020\/04\/cosmetic-store-homepage.jpg","fullpage-thumbnail-image-url":"https:\/\/websitedemos.net\/wp-content\/uploads\/2020\/04\/cosmetic-store-homepage.jpg","astra-site-url":"\/\/websitedemos.net\/cosmetics-store-02","astra-site-parent-id":1461,"astra-sites-tag":{"1465":"beauty-products","1466":"cosmetic-products","1464":"cosmetic-store","1463":"cosmetics","496":"ecommerce","3416":"elementor","1024":"woocommerce"},"astra-sites-type":"free","astra-site-category":{"38":"ecommerce","39":"free"},"astra-sites-template-category":{"2790":"beauty-fashion","2777":"business","2769":"ecommerce","2890":"makeup-cosmetic"},"astra-site-page-builder":"elementor","categories":{"3427":"default","2495":"ecommerce","3428":"free"},"required-plugins":[{"slug":"elementor","init":"elementor\/elementor.php","name":"Elementor"},{"slug":"woocommerce","init":"woocommerce\/woocommerce.php","name":"WooCommerce"},{"slug":"wpforms-lite","init":"wpforms-lite\/wpforms.php","name":"WPForms Lite"},{"slug":"variation-swatches-woo","init":"variation-swatches-woo\/variation-swatches-woo.php","name":"Variation Swatches for WooCommerce"},{"slug":"header-footer-elementor","init":"header-footer-elementor\/header-footer-elementor.php","name":"Ultimate Addons for Elementor Lite"},{"slug":"woocommerce-payments","init":"woocommerce-payments\/woocommerce-payments.php","name":"WooPayments"},{"slug":"cartflows","init":"cartflows\/cartflows.php","name":"CartFlows"},{"slug":"woo-cart-abandonment-recovery","init":"woo-cart-abandonment-recovery\/woo-cart-abandonment-recovery.php","name":"WooCommerce Cart Abandonment Recovery"}],"post-status":"publish","post-content":"<!-- wp:paragraph -->\n<p>The Cosmetics Store template is ideal for eCommerce websites. It has an engaging full screen image where you can showcase your latest products and minimalist store areas further down the page along with featured products and promotion areas.<\/p>\n<!-- \/wp:paragraph -->\n\n<!-- wp:paragraph -->\n<p>This is a minimal design with some powerful features, modern fonts, some nice images and graphical touches, minimal navigation with shopping cart and category pages. Everything you need to launch your online store!<\/p>\n<!-- \/wp:paragraph -->\n\n<!-- wp:heading {\"UAGDay\":[]} -->\n<h2 class=\"wp-block-heading\">Key features of the Cosmetics Store template<\/h2>\n<!-- \/wp:heading -->\n\n<!-- wp:list -->\n<ul><!-- wp:list-item -->\n<li>Minimalist eCommerce template with some nice touches<\/li>\n<!-- \/wp:list-item -->\n\n<!-- wp:list-item -->\n<li>Great use of images and fonts<\/li>\n<!-- \/wp:list-item -->\n\n<!-- wp:list-item -->\n<li>Borderless content areas keep the flow<\/li>\n<!-- \/wp:list-item -->\n\n<!-- wp:list-item -->\n<li>Category and product pages included<\/li>\n<!-- \/wp:list-item -->\n\n<!-- wp:list-item -->\n<li>Full compatibility with leading page builders<\/li>\n<!-- \/wp:list-item --><\/ul>\n<!-- \/wp:list -->","post-excerpt":"Minimalist eCommerce template that could be used for any type of online store","pages":{"id-46041":{"title":"Home","featured-image-url":"https:\/\/websitedemos.net\/wp-content\/uploads\/2020\/04\/cosmetic-store-homepage.jpg","thumbnail-image-url":"https:\/\/websitedemos.net\/wp-content\/uploads\/2020\/04\/cosmetic-store-homepage.jpg","astra-page-api-url":"https:\/\/websitedemos.net\/cosmetics-store-02\/wp-json\/wp\/v2\/pages\/5","dynamic-page":"yes","astra-page-url":"\/\/websitedemos.net\/cosmetics-store-02\/","astra-sites-tag":{"423":"home"},"site-pages-type":"free","site-pages-page-builder":"elementor","site-pages-category":[],"site-pages-parent-category":{"64":"ecommerce","61":"free"},"required-plugins":[{"slug":"elementor","init":"elementor\/elementor.php","name":"Elementor"},{"slug":"header-footer-elementor","init":"header-footer-elementor\/header-footer-elementor.php","name":"Ultimate Addons for Elementor Lite"},{"slug":"variation-swatches-woo","init":"variation-swatches-woo\/variation-swatches-woo.php","name":"Variation Swatches for WooCommerce"},{"slug":"woocommerce","init":"woocommerce\/woocommerce.php","name":"WooCommerce"},{"slug":"woocommerce-payments","init":"woocommerce-payments\/woocommerce-payments.php","name":"WooPayments"},{"slug":"wpforms-lite","init":"wpforms-lite\/wpforms.php","name":"WPForms Lite"}]},"id-46042":{"title":"Testimonials","featured-image-url":"https:\/\/websitedemos.net\/wp-content\/uploads\/2020\/04\/cosmetics-store-01-testimonialspage.jpg","thumbnail-image-url":"https:\/\/websitedemos.net\/wp-content\/uploads\/2020\/04\/cosmetics-store-01-testimonialspage.jpg","astra-page-api-url":"https:\/\/websitedemos.net\/cosmetics-store-02\/wp-json\/wp\/v2\/pages\/13","dynamic-page":"no","astra-page-url":"\/\/websitedemos.net\/cosmetics-store-02\/testimonials\/","astra-sites-tag":{"432":"review","433":"testimonials"},"site-pages-type":"free","site-pages-page-builder":"elementor","site-pages-category":[],"site-pages-parent-category":{"64":"ecommerce","61":"free"},"required-plugins":[{"slug":"elementor","init":"elementor\/elementor.php","name":"Elementor"},{"slug":"wpforms-lite","init":"wpforms-lite\/wpforms.php","name":"WPForms Lite"}]},"id-46039":{"title":"About","featured-image-url":"https:\/\/websitedemos.net\/wp-content\/uploads\/2020\/04\/cosmetics-store-01-aboutpage.jpg","thumbnail-image-url":"https:\/\/websitedemos.net\/wp-content\/uploads\/2020\/04\/cosmetics-store-01-aboutpage.jpg","astra-page-api-url":"https:\/\/websitedemos.net\/cosmetics-store-02\/wp-json\/wp\/v2\/pages\/9","dynamic-page":"no","astra-page-url":"\/\/websitedemos.net\/cosmetics-store-02\/about\/","astra-sites-tag":{"352":"about"},"site-pages-type":"free","site-pages-page-builder":"elementor","site-pages-category":[],"site-pages-parent-category":{"64":"ecommerce","61":"free"},"required-plugins":[{"slug":"elementor","init":"elementor\/elementor.php","name":"Elementor"},{"slug":"header-footer-elementor","init":"header-footer-elementor\/header-footer-elementor.php","name":"Ultimate Addons for Elementor Lite"}]},"id-46040":{"title":"Contact","featured-image-url":"https:\/\/websitedemos.net\/wp-content\/uploads\/2020\/04\/cosmetics-store-01-contactpage.jpg","thumbnail-image-url":"https:\/\/websitedemos.net\/wp-content\/uploads\/2020\/04\/cosmetics-store-01-contactpage.jpg","astra-page-api-url":"https:\/\/websitedemos.net\/cosmetics-store-02\/wp-json\/wp\/v2\/pages\/7","dynamic-page":"no","astra-page-url":"\/\/websitedemos.net\/cosmetics-store-02\/contact\/","astra-sites-tag":{"415":"contact"},"site-pages-type":"free","site-pages-page-builder":"elementor","site-pages-category":[],"site-pages-parent-category":{"64":"ecommerce","61":"free"},"required-plugins":[{"slug":"elementor","init":"elementor\/elementor.php","name":"Elementor"},{"slug":"header-footer-elementor","init":"header-footer-elementor\/header-footer-elementor.php","name":"Ultimate Addons for Elementor Lite"},{"slug":"wpforms-lite","init":"wpforms-lite\/wpforms.php","name":"WPForms Lite"}]}},"related-bb-template":45725,"related-elementor-template":45643,"related-gutenberg-template":48591,"related_ecommerce_template":"","ecommerce_parent_template":""},"id-45577":{"title":"Wedding Invitation","id":45577,"publish-date":1584542585,"featured-image-url":"https:\/\/websitedemos.net\/wp-content\/uploads\/2020\/03\/wedding-invitation-04.jpg","thumbnail-image-url":"https:\/\/websitedemos.net\/wp-content\/uploads\/2020\/03\/wedding-invitation-04.jpg","fullpage-thumbnail-image-url":"https:\/\/websitedemos.net\/wp-content\/uploads\/2020\/03\/wedding-invitation-04.jpg","astra-site-url":"\/\/websitedemos.net\/wedding-invitation-04","astra-site-parent-id":1451,"astra-sites-tag":{"3416":"elementor","699":"invitation","1844":"premium","697":"wedding","1457":"wedding-invitation"},"astra-sites-type":"agency-mini","astra-site-category":{"36":"other"},"astra-sites-template-category":{"2784":"event","2771":"one-page","2792":"wedding"},"astra-site-page-builder":"elementor","categories":{"3427":"default","2489":"event-invitation","2927":"one-page","3429":"premium"},"required-plugins":[{"slug":"elementor","init":"elementor\/elementor.php","name":"Elementor"},{"slug":"wpforms-lite","init":"wpforms-lite\/wpforms.php","name":"WPForms Lite"}],"post-status":"publish","post-content":"<!-- wp:paragraph -->\n<p>The Wedding Invitation template is a romantic one-page design with a modern twist. It opens with an inset video of the happy couple before unfolding to outline the what, where and when of the wedding.<\/p>\n<!-- \/wp:paragraph -->\n\n<!-- wp:paragraph -->\n<p>Even though it\u2019s a one-page web template with a limited goal, the design makes it seem so much more. The combination of flower graphics, fonts and colors help create that happy feeling you want to invoke for a wedding.<\/p>\n<!-- \/wp:paragraph -->\n\n<!-- wp:heading -->\n<h2>Key features of the Wedding Invitation template<\/h2>\n<!-- \/wp:heading -->\n\n<!-- wp:list -->\n<ul><li>Romantic one-page template with genuine appeal<\/li><li>Inset video can showcase the happy couple or venue<\/li><li>Great mix of colors, graphics and fonts<\/li><li>Can be fully customized in every way possible<\/li><li>Full compatibility with leading page builders<\/li><\/ul>\n<!-- \/wp:list -->","post-excerpt":"Romantic one-page wedding invitation template for happy couples and wedding planners","pages":{"id-45578":{"title":"Wedding Invitation","featured-image-url":"https:\/\/websitedemos.net\/wp-content\/uploads\/2020\/03\/wedding-invitation-04.jpg","thumbnail-image-url":"https:\/\/websitedemos.net\/wp-content\/uploads\/2020\/03\/wedding-invitation-04.jpg","astra-page-api-url":"https:\/\/websitedemos.net\/wedding-invitation-04\/wp-json\/wp\/v2\/pages\/5","dynamic-page":"no","astra-page-url":"\/\/websitedemos.net\/wedding-invitation-04\/","astra-sites-tag":{"423":"home","699":"invitation"},"site-pages-type":"agency-mini","site-pages-page-builder":"elementor","site-pages-category":[],"site-pages-parent-category":{"139":"other"},"required-plugins":[{"slug":"elementor","init":"elementor\/elementor.php","name":"Elementor"},{"slug":"wpforms-lite","init":"wpforms-lite\/wpforms.php","name":"WPForms Lite"}]}},"related-bb-template":45592,"related-elementor-template":58999,"related-gutenberg-template":"","related_ecommerce_template":"","ecommerce_parent_template":""},"id-45592":{"title":"Wedding Invitation","id":45592,"publish-date":1585155322,"featured-image-url":"https:\/\/websitedemos.net\/wp-content\/uploads\/2020\/03\/wedding-invitation-04.jpg","thumbnail-image-url":"https:\/\/websitedemos.net\/wp-content\/uploads\/2020\/03\/wedding-invitation-04.jpg","fullpage-thumbnail-image-url":"https:\/\/websitedemos.net\/wp-content\/uploads\/2020\/03\/wedding-invitation-04.jpg","astra-site-url":"\/\/websitedemos.net\/wedding-invitation-03","astra-site-parent-id":1456,"astra-sites-tag":{"699":"invitation","697":"wedding","1457":"wedding-invitation"},"astra-sites-type":"agency-mini","astra-site-category":{"36":"other"},"astra-sites-template-category":[],"astra-site-page-builder":"beaver-builder","categories":{"2489":"event-invitation"},"required-plugins":[{"slug":"beaver-builder-lite-version","init":"beaver-builder-lite-version\/fl-builder.php","name":"Beaver Builder Plugin (Lite Version)"},{"slug":"ultimate-addons-for-beaver-builder-lite","init":"ultimate-addons-for-beaver-builder-lite\/bb-ultimate-addon.php","name":"Ultimate Addons for Beaver Builder - Lite"},{"slug":"wpforms-lite","init":"wpforms-lite\/wpforms.php","name":"WPForms Lite"}],"post-status":"publish","post-content":"","post-excerpt":"","pages":{"id-45593":{"title":"Wedding Invitation","featured-image-url":"https:\/\/websitedemos.net\/wp-content\/uploads\/2020\/03\/wedding-invitation-04.jpg","thumbnail-image-url":"https:\/\/websitedemos.net\/wp-content\/uploads\/2020\/03\/wedding-invitation-04.jpg","astra-page-api-url":"https:\/\/websitedemos.net\/wedding-invitation-03\/wp-json\/wp\/v2\/pages\/17","dynamic-page":"no","astra-page-url":"\/\/websitedemos.net\/wedding-invitation-03\/","astra-sites-tag":{"423":"home","699":"invitation"},"site-pages-type":"agency-mini","site-pages-page-builder":"beaver-builder","site-pages-category":[],"site-pages-parent-category":{"139":"other"},"required-plugins":[{"slug":"beaver-builder-lite-version","init":"beaver-builder-lite-version\/fl-builder.php","name":"Beaver Builder Plugin (Lite Version)"},{"slug":"ultimate-addons-for-beaver-builder-lite","init":"ultimate-addons-for-beaver-builder-lite\/bb-ultimate-addon.php","name":"Ultimate Addons for Beaver Builder - Lite"},{"slug":"wpforms-lite","init":"wpforms-lite\/wpforms.php","name":"WPForms Lite"}]}},"related-bb-template":"","related-elementor-template":"","related-gutenberg-template":"","related_ecommerce_template":"","ecommerce_parent_template":""},"id-38795":{"title":"Law Firm","id":38795,"publish-date":1579110787,"featured-image-url":"https:\/\/websitedemos.net\/wp-content\/uploads\/2020\/01\/law-firm-03-home.jpg","thumbnail-image-url":"https:\/\/websitedemos.net\/wp-content\/uploads\/2020\/01\/law-firm-03-home.jpg","fullpage-thumbnail-image-url":"https:\/\/websitedemos.net\/wp-content\/uploads\/2020\/01\/law-firm-03-home.jpg","astra-site-url":"\/\/websitedemos.net\/law-firm-03","astra-site-parent-id":1132,"astra-sites-tag":{"704":"corporate-law","701":"criminal-law","703":"enforcement","916":"law","702":"law-firm","998":"law-office","706":"lawyer","778":"legal"},"astra-sites-type":"agency-mini","astra-site-category":{"27":"business"},"astra-sites-template-category":[],"astra-site-page-builder":"beaver-builder","categories":{"2482":"law"},"required-plugins":[{"slug":"beaver-builder-lite-version","init":"beaver-builder-lite-version\/fl-builder.php","name":"Beaver Builder Plugin (Lite Version)"},{"slug":"bb-ultimate-addon","init":"bb-ultimate-addon\/bb-ultimate-addon.php","name":"Ultimate Addons for Beaver Builder"},{"slug":"wpforms-lite","init":"wpforms-lite\/wpforms.php","name":"WPForms Lite"}],"post-status":"publish","post-content":"","post-excerpt":"","pages":{"id-38799":{"title":"Home","featured-image-url":"https:\/\/websitedemos.net\/wp-content\/uploads\/2020\/01\/law-firm-03-home.jpg","thumbnail-image-url":"https:\/\/websitedemos.net\/wp-content\/uploads\/2020\/01\/law-firm-03-home.jpg","astra-page-api-url":"https:\/\/websitedemos.net\/law-firm-03\/wp-json\/wp\/v2\/pages\/334","dynamic-page":"no","astra-page-url":"\/\/websitedemos.net\/law-firm-03\/","astra-sites-tag":{"423":"home"},"site-pages-type":"agency-mini","site-pages-page-builder":"beaver-builder","site-pages-category":[],"site-pages-parent-category":{"60":"business"},"required-plugins":[{"slug":"beaver-builder-lite-version","init":"beaver-builder-lite-version\/fl-builder.php","name":"Beaver Builder Plugin (Lite Version)"},{"slug":"bb-ultimate-addon","init":"bb-ultimate-addon\/bb-ultimate-addon.php","name":"Ultimate Addons for Beaver Builder"}]},"id-38796":{"title":"About","featured-image-url":"https:\/\/websitedemos.net\/wp-content\/uploads\/2020\/01\/law-firm-03-about.jpg","thumbnail-image-url":"https:\/\/websitedemos.net\/wp-content\/uploads\/2020\/01\/law-firm-03-about.jpg","astra-page-api-url":"https:\/\/websitedemos.net\/law-firm-03\/wp-json\/wp\/v2\/pages\/335","dynamic-page":"no","astra-page-url":"\/\/websitedemos.net\/law-firm-03\/about\/","astra-sites-tag":{"352":"about"},"site-pages-type":"agency-mini","site-pages-page-builder":"beaver-builder","site-pages-category":[],"site-pages-parent-category":{"60":"business"},"required-plugins":[{"slug":"beaver-builder-lite-version","init":"beaver-builder-lite-version\/fl-builder.php","name":"Beaver Builder Plugin (Lite Version)"},{"slug":"bb-ultimate-addon","init":"bb-ultimate-addon\/bb-ultimate-addon.php","name":"Ultimate Addons for Beaver Builder"}]},"id-38800":{"title":"Practice Areas","featured-image-url":"https:\/\/websitedemos.net\/wp-content\/uploads\/2020\/01\/law-firm-03-practice-areas.jpg","thumbnail-image-url":"https:\/\/websitedemos.net\/wp-content\/uploads\/2020\/01\/law-firm-03-practice-areas.jpg","astra-page-api-url":"https:\/\/websitedemos.net\/law-firm-03\/wp-json\/wp\/v2\/pages\/336","dynamic-page":"no","astra-page-url":"\/\/websitedemos.net\/law-firm-03\/practice-areas\/","astra-sites-tag":{"707":"practice-area"},"site-pages-type":"agency-mini","site-pages-page-builder":"beaver-builder","site-pages-category":[],"site-pages-parent-category":{"60":"business"},"required-plugins":[{"slug":"beaver-builder-lite-version","init":"beaver-builder-lite-version\/fl-builder.php","name":"Beaver Builder Plugin (Lite Version)"},{"slug":"bb-ultimate-addon","init":"bb-ultimate-addon\/bb-ultimate-addon.php","name":"Ultimate Addons for Beaver Builder"}]},"id-38797":{"title":"Attorneys","featured-image-url":"https:\/\/websitedemos.net\/wp-content\/uploads\/2020\/01\/law-firm-03-attorneys.jpg","thumbnail-image-url":"https:\/\/websitedemos.net\/wp-content\/uploads\/2020\/01\/law-firm-03-attorneys.jpg","astra-page-api-url":"https:\/\/websitedemos.net\/law-firm-03\/wp-json\/wp\/v2\/pages\/13","dynamic-page":"no","astra-page-url":"\/\/websitedemos.net\/law-firm-03\/attorneys\/","astra-sites-tag":{"912":"attorneys"},"site-pages-type":"agency-mini","site-pages-page-builder":"beaver-builder","site-pages-category":[],"site-pages-parent-category":{"60":"business"},"required-plugins":[{"slug":"beaver-builder-lite-version","init":"beaver-builder-lite-version\/fl-builder.php","name":"Beaver Builder Plugin (Lite Version)"},{"slug":"bb-ultimate-addon","init":"bb-ultimate-addon\/bb-ultimate-addon.php","name":"Ultimate Addons for Beaver Builder"}]},"id-38798":{"title":"Contact","featured-image-url":"https:\/\/websitedemos.net\/wp-content\/uploads\/2020\/01\/law-firm-03-contact.jpg","thumbnail-image-url":"https:\/\/websitedemos.net\/wp-content\/uploads\/2020\/01\/law-firm-03-contact.jpg","astra-page-api-url":"https:\/\/websitedemos.net\/law-firm-03\/wp-json\/wp\/v2\/pages\/337","dynamic-page":"no","astra-page-url":"\/\/websitedemos.net\/law-firm-03\/contact\/","astra-sites-tag":{"415":"contact"},"site-pages-type":"agency-mini","site-pages-page-builder":"beaver-builder","site-pages-category":[],"site-pages-parent-category":{"60":"business"},"required-plugins":[{"slug":"beaver-builder-lite-version","init":"beaver-builder-lite-version\/fl-builder.php","name":"Beaver Builder Plugin (Lite Version)"},{"slug":"bb-ultimate-addon","init":"bb-ultimate-addon\/bb-ultimate-addon.php","name":"Ultimate Addons for Beaver Builder"},{"slug":"wpforms-lite","init":"wpforms-lite\/wpforms.php","name":"WPForms Lite"}]}},"related-bb-template":"","related-elementor-template":"","related-gutenberg-template":"","related_ecommerce_template":"","ecommerce_parent_template":""},"id-38787":{"title":"Law Firm","id":38787,"publish-date":1579110690,"featured-image-url":"https:\/\/websitedemos.net\/wp-content\/uploads\/2020\/01\/law-firm-home-page.jpg","thumbnail-image-url":"https:\/\/websitedemos.net\/wp-content\/uploads\/2020\/01\/law-firm-home-page.jpg","fullpage-thumbnail-image-url":"https:\/\/websitedemos.net\/wp-content\/uploads\/2020\/01\/law-firm-home-page.jpg","astra-site-url":"\/\/websitedemos.net\/law-firm-04","astra-site-parent-id":1131,"astra-sites-tag":{"704":"corporate-law","701":"criminal-law","3416":"elementor","703":"enforcement","702":"law-firm","998":"law-office","706":"lawyer","778":"legal","917":"legal-firm","1844":"premium"},"astra-sites-type":"agency-mini","astra-site-category":{"27":"business"},"astra-sites-template-category":{"2777":"business","2824":"law-firm"},"astra-site-page-builder":"elementor","categories":{"3427":"default","2482":"law","3429":"premium"},"required-plugins":[{"slug":"elementor","init":"elementor\/elementor.php","name":"Elementor"},{"slug":"ultimate-elementor","init":"ultimate-elementor\/ultimate-elementor.php","name":"Ultimate Addons for Elementor"},{"slug":"wpforms-lite","init":"wpforms-lite\/wpforms.php","name":"WPForms Lite"}],"post-status":"publish","post-content":"<!-- wp:paragraph -->\n<p>The Law Firm template is a corporate-style design with the gravity and authority you would expect from the niche. It still remains welcoming and accessible, but combines the atmosphere you would expect from the law.<\/p>\n<!-- \/wp:paragraph -->\n\n<!-- wp:paragraph -->\n<p>The design uses fullscreen header with simple navigation and a calm contrast color for calls to action. The rest of the template has a light feel with lots of content areas to share your services, expertise, testimonials and to tell your story.<\/p>\n<!-- \/wp:paragraph -->\n\n<!-- wp:heading -->\n<h2>Key features of the Law Firm template<\/h2>\n<!-- \/wp:heading -->\n\n<!-- wp:list -->\n<ul><li>Welcoming with the gravity expected of a law firm<\/li><li>Calm contrast color works very well<\/li><li>Lots of content areas for services and expertise<\/li><li>Supplementary pages ideal for the niche<\/li><li>Full compatibility with leading page builders<\/li><\/ul>\n<!-- \/wp:list -->","post-excerpt":"Corporate web design ideal for law firms and lawyers wanting to build authority","pages":{"id-38791":{"title":"Home","featured-image-url":"https:\/\/websitedemos.net\/wp-content\/uploads\/2020\/01\/law-firm-home-page.jpg","thumbnail-image-url":"https:\/\/websitedemos.net\/wp-content\/uploads\/2020\/01\/law-firm-home-page.jpg","astra-page-api-url":"https:\/\/websitedemos.net\/law-firm-04\/wp-json\/wp\/v2\/pages\/5","dynamic-page":"no","astra-page-url":"\/\/websitedemos.net\/law-firm-04\/","astra-sites-tag":{"423":"home"},"site-pages-type":"agency-mini","site-pages-page-builder":"elementor","site-pages-category":[],"site-pages-parent-category":{"60":"business"},"required-plugins":[{"slug":"elementor","init":"elementor\/elementor.php","name":"Elementor"},{"slug":"ultimate-elementor","init":"ultimate-elementor\/ultimate-elementor.php","name":"Ultimate Addons for Elementor"}]},"id-38788":{"title":"About","featured-image-url":"https:\/\/websitedemos.net\/wp-content\/uploads\/2020\/01\/law-firm-04-about-page.jpg","thumbnail-image-url":"https:\/\/websitedemos.net\/wp-content\/uploads\/2020\/01\/law-firm-04-about-page.jpg","astra-page-api-url":"https:\/\/websitedemos.net\/law-firm-04\/wp-json\/wp\/v2\/pages\/7","dynamic-page":"no","astra-page-url":"\/\/websitedemos.net\/law-firm-04\/about\/","astra-sites-tag":{"352":"about"},"site-pages-type":"agency-mini","site-pages-page-builder":"elementor","site-pages-category":[],"site-pages-parent-category":{"60":"business"},"required-plugins":[{"slug":"elementor","init":"elementor\/elementor.php","name":"Elementor"},{"slug":"ultimate-elementor","init":"ultimate-elementor\/ultimate-elementor.php","name":"Ultimate Addons for Elementor"}]},"id-38792":{"title":"Practice Areas","featured-image-url":"https:\/\/websitedemos.net\/wp-content\/uploads\/2020\/01\/law-firm-04-practice-areas-page.jpg","thumbnail-image-url":"https:\/\/websitedemos.net\/wp-content\/uploads\/2020\/01\/law-firm-04-practice-areas-page.jpg","astra-page-api-url":"https:\/\/websitedemos.net\/law-firm-04\/wp-json\/wp\/v2\/pages\/9","dynamic-page":"no","astra-page-url":"\/\/websitedemos.net\/law-firm-04\/practice-areas\/","astra-sites-tag":{"707":"practice-area"},"site-pages-type":"agency-mini","site-pages-page-builder":"elementor","site-pages-category":[],"site-pages-parent-category":{"60":"business"},"required-plugins":[{"slug":"elementor","init":"elementor\/elementor.php","name":"Elementor"},{"slug":"ultimate-elementor","init":"ultimate-elementor\/ultimate-elementor.php","name":"Ultimate Addons for Elementor"}]},"id-38789":{"title":"Attorneys","featured-image-url":"https:\/\/websitedemos.net\/wp-content\/uploads\/2020\/01\/law-firm-04-attorneys-page.jpg","thumbnail-image-url":"https:\/\/websitedemos.net\/wp-content\/uploads\/2020\/01\/law-firm-04-attorneys-page.jpg","astra-page-api-url":"https:\/\/websitedemos.net\/law-firm-04\/wp-json\/wp\/v2\/pages\/13","dynamic-page":"no","astra-page-url":"\/\/websitedemos.net\/law-firm-04\/attorneys\/","astra-sites-tag":{"912":"attorneys"},"site-pages-type":"agency-mini","site-pages-page-builder":"elementor","site-pages-category":[],"site-pages-parent-category":{"60":"business"},"required-plugins":[{"slug":"elementor","init":"elementor\/elementor.php","name":"Elementor"},{"slug":"ultimate-elementor","init":"ultimate-elementor\/ultimate-elementor.php","name":"Ultimate Addons for Elementor"}]},"id-38790":{"title":"Contact","featured-image-url":"https:\/\/websitedemos.net\/wp-content\/uploads\/2020\/01\/law-firm-04-contact-page.jpg","thumbnail-image-url":"https:\/\/websitedemos.net\/wp-content\/uploads\/2020\/01\/law-firm-04-contact-page.jpg","astra-page-api-url":"https:\/\/websitedemos.net\/law-firm-04\/wp-json\/wp\/v2\/pages\/11","dynamic-page":"no","astra-page-url":"\/\/websitedemos.net\/law-firm-04\/contact\/","astra-sites-tag":{"415":"contact"},"site-pages-type":"agency-mini","site-pages-page-builder":"elementor","site-pages-category":[],"site-pages-parent-category":{"60":"business"},"required-plugins":[{"slug":"elementor","init":"elementor\/elementor.php","name":"Elementor"},{"slug":"ultimate-elementor","init":"ultimate-elementor\/ultimate-elementor.php","name":"Ultimate Addons for Elementor"},{"slug":"wpforms-lite","init":"wpforms-lite\/wpforms.php","name":"WPForms Lite"}]}},"related-bb-template":38795,"related-elementor-template":38787,"related-gutenberg-template":85331,"related_ecommerce_template":"","ecommerce_parent_template":""},"id-38757":{"title":"Nutritionist","id":38757,"publish-date":1579110029,"featured-image-url":"https:\/\/websitedemos.net\/wp-content\/uploads\/2020\/01\/nutritionists-02.jpg","thumbnail-image-url":"https:\/\/websitedemos.net\/wp-content\/uploads\/2020\/01\/nutritionists-02-600x2601.jpg","fullpage-thumbnail-image-url":"https:\/\/websitedemos.net\/wp-content\/uploads\/2020\/01\/nutritionists-02-400x1734.jpg","astra-site-url":"\/\/websitedemos.net\/nutritionist-02","astra-site-parent-id":1129,"astra-sites-tag":{"516":"diet","753":"dietitian","3416":"elementor","336":"food","991":"healthy","754":"nutritionist"},"astra-sites-type":"free","astra-site-category":{"27":"business","39":"free"},"astra-sites-template-category":{"2828":"blog","2825":"coaching","2794":"consulting","2785":"food","2875":"health-coach","2834":"healthcare"},"astra-site-page-builder":"elementor","categories":{"3427":"default","2480":"fitness-wellness","3428":"free"},"required-plugins":[{"slug":"elementor","init":"elementor\/elementor.php","name":"Elementor"},{"slug":"wpforms-lite","init":"wpforms-lite\/wpforms.php","name":"WPForms Lite"},{"slug":"header-footer-elementor","init":"header-footer-elementor\/header-footer-elementor.php","name":"Ultimate Addons for Elementor Lite"}],"post-status":"publish","post-content":"<!-- wp:paragraph -->\n<p>The Nutritionist template is a creative business template that could be customized to suit any niche, including this one. With an open design and a combination of light and dark areas, borderless content areas and that green contrast color, it\u2019s a real winner.<\/p>\n<!-- \/wp:paragraph -->\n\n<!-- wp:paragraph -->\n<p>The homepage is effective, with a call to action in the header, lots of content areas to showcase products and services, share class schedules, offer videos and downloads and feature your latest blog posts.<\/p>\n<!-- \/wp:paragraph -->\n\n<!-- wp:heading {\"UAGDay\":[]} -->\n<h2 class=\"wp-block-heading\">Key features of the Nutritionist template<\/h2>\n<!-- \/wp:heading -->\n\n<!-- wp:list -->\n<ul><!-- wp:list-item -->\n<li>Modern business website template ideal for a range of niches<\/li>\n<!-- \/wp:list-item -->\n\n<!-- wp:list-item -->\n<li>Strong header with image and calls to action<\/li>\n<!-- \/wp:list-item -->\n\n<!-- wp:list-item -->\n<li>Borderless content area provides an open feel<\/li>\n<!-- \/wp:list-item -->\n\n<!-- wp:list-item -->\n<li>Lots of opportunities to customize to your specific needs<\/li>\n<!-- \/wp:list-item -->\n\n<!-- wp:list-item -->\n<li>Full compatibility with leading page builders<\/li>\n<!-- \/wp:list-item --><\/ul>\n<!-- \/wp:list -->","post-excerpt":"Well-designed web template for nutritionists that could be tweaked to any use","pages":{"id-38761":{"title":"Home","featured-image-url":"https:\/\/websitedemos.net\/wp-content\/uploads\/2020\/01\/nutritionists-02.jpg","thumbnail-image-url":"https:\/\/websitedemos.net\/wp-content\/uploads\/2020\/01\/nutritionists-02-600x2601.jpg","astra-page-api-url":"https:\/\/websitedemos.net\/nutritionist-02\/wp-json\/wp\/v2\/pages\/97","dynamic-page":"no","astra-page-url":"\/\/websitedemos.net\/nutritionist-02\/","astra-sites-tag":{"423":"home"},"site-pages-type":"free","site-pages-page-builder":"elementor","site-pages-category":[],"site-pages-parent-category":{"60":"business","61":"free"},"required-plugins":[{"slug":"elementor","init":"elementor\/elementor.php","name":"Elementor"},{"slug":"header-footer-elementor","init":"header-footer-elementor\/header-footer-elementor.php","name":"Ultimate Addons for Elementor Lite"},{"slug":"wpforms-lite","init":"wpforms-lite\/wpforms.php","name":"WPForms Lite"}]},"id-38758":{"title":"About","featured-image-url":"https:\/\/websitedemos.net\/wp-content\/uploads\/2020\/01\/nutritionist-about-page.jpg","thumbnail-image-url":"https:\/\/websitedemos.net\/wp-content\/uploads\/2020\/01\/nutritionist-about-page.jpg","astra-page-api-url":"https:\/\/websitedemos.net\/nutritionist-02\/wp-json\/wp\/v2\/pages\/141","dynamic-page":"no","astra-page-url":"\/\/websitedemos.net\/nutritionist-02\/about\/","astra-sites-tag":{"352":"about"},"site-pages-type":"free","site-pages-page-builder":"elementor","site-pages-category":[],"site-pages-parent-category":{"60":"business","61":"free"},"required-plugins":[{"slug":"elementor","init":"elementor\/elementor.php","name":"Elementor"},{"slug":"header-footer-elementor","init":"header-footer-elementor\/header-footer-elementor.php","name":"Ultimate Addons for Elementor Lite"}]},"id-38762":{"title":"Programs","featured-image-url":"https:\/\/websitedemos.net\/wp-content\/uploads\/2020\/01\/nutritionist-program-page.jpg","thumbnail-image-url":"https:\/\/websitedemos.net\/wp-content\/uploads\/2020\/01\/nutritionist-program-page.jpg","astra-page-api-url":"https:\/\/websitedemos.net\/nutritionist-02\/wp-json\/wp\/v2\/pages\/145","dynamic-page":"no","astra-page-url":"\/\/websitedemos.net\/nutritionist-02\/programs\/","astra-sites-tag":{"989":"programs","425":"services"},"site-pages-type":"free","site-pages-page-builder":"elementor","site-pages-category":[],"site-pages-parent-category":{"60":"business","61":"free"},"required-plugins":[{"slug":"elementor","init":"elementor\/elementor.php","name":"Elementor"}]},"id-38763":{"title":"Success Stories","featured-image-url":"https:\/\/websitedemos.net\/wp-content\/uploads\/2020\/01\/nutritionist-success-stories.jpg","thumbnail-image-url":"https:\/\/websitedemos.net\/wp-content\/uploads\/2020\/01\/nutritionist-success-stories.jpg","astra-page-api-url":"https:\/\/websitedemos.net\/nutritionist-02\/wp-json\/wp\/v2\/pages\/304","dynamic-page":"no","astra-page-url":"\/\/websitedemos.net\/nutritionist-02\/success-stories\/","astra-sites-tag":{"990":"success-stories","433":"testimonials"},"site-pages-type":"free","site-pages-page-builder":"elementor","site-pages-category":[],"site-pages-parent-category":{"60":"business","61":"free"},"required-plugins":[{"slug":"elementor","init":"elementor\/elementor.php","name":"Elementor"}]},"id-38759":{"title":"Blog","featured-image-url":"https:\/\/websitedemos.net\/wp-content\/uploads\/2020\/01\/nutrionist-blog.jpg","thumbnail-image-url":"https:\/\/websitedemos.net\/wp-content\/uploads\/2020\/01\/nutrionist-blog.jpg","astra-page-api-url":"https:\/\/websitedemos.net\/nutritionist-02\/wp-json\/wp\/v2\/pages\/307","dynamic-page":"no","astra-page-url":"\/\/websitedemos.net\/nutritionist-02\/blog\/","astra-sites-tag":{"480":"blog"},"site-pages-type":"free","site-pages-page-builder":"gutenberg","site-pages-category":[],"site-pages-parent-category":{"60":"business","61":"free"},"required-plugins":[{"slug":"ultimate-addons-for-gutenberg","init":"ultimate-addons-for-gutenberg\/ultimate-addons-for-gutenberg.php","name":"Spectra"}]},"id-38760":{"title":"Contact","featured-image-url":"https:\/\/websitedemos.net\/wp-content\/uploads\/2020\/01\/nutrionist-contact.jpg","thumbnail-image-url":"https:\/\/websitedemos.net\/wp-content\/uploads\/2020\/01\/nutrionist-contact.jpg","astra-page-api-url":"https:\/\/websitedemos.net\/nutritionist-02\/wp-json\/wp\/v2\/pages\/143","dynamic-page":"no","astra-page-url":"\/\/websitedemos.net\/nutritionist-02\/contact\/","astra-sites-tag":{"415":"contact"},"site-pages-type":"free","site-pages-page-builder":"elementor","site-pages-category":[],"site-pages-parent-category":{"60":"business","61":"free"},"required-plugins":[{"slug":"elementor","init":"elementor\/elementor.php","name":"Elementor"},{"slug":"wpforms-lite","init":"wpforms-lite\/wpforms.php","name":"WPForms Lite"}]}},"related-bb-template":38771,"related-elementor-template":38757,"related-gutenberg-template":48318,"related_ecommerce_template":"","ecommerce_parent_template":""},"id-38771":{"title":"Nutritionist","id":38771,"publish-date":1579110114,"featured-image-url":"https:\/\/websitedemos.net\/wp-content\/uploads\/2020\/01\/nutritionist-01-home.jpg","thumbnail-image-url":"https:\/\/websitedemos.net\/wp-content\/uploads\/2020\/01\/nutritionist-01-home.jpg","fullpage-thumbnail-image-url":"https:\/\/websitedemos.net\/wp-content\/uploads\/2020\/01\/nutritionist-01-home.jpg","astra-site-url":"\/\/websitedemos.net\/nutritionist-01","astra-site-parent-id":1130,"astra-sites-tag":{"516":"diet","753":"dietitian","336":"food","991":"healthy","754":"nutritionist"},"astra-sites-type":"free","astra-site-category":{"27":"business","39":"free"},"astra-sites-template-category":[],"astra-site-page-builder":"beaver-builder","categories":{"2480":"fitness-wellness"},"required-plugins":[{"slug":"beaver-builder-lite-version","init":"beaver-builder-lite-version\/fl-builder.php","name":"Beaver Builder Plugin (Lite Version)"},{"slug":"ultimate-addons-for-beaver-builder-lite","init":"ultimate-addons-for-beaver-builder-lite\/bb-ultimate-addon.php","name":"Ultimate Addons for Beaver Builder - Lite"},{"slug":"ultimate-addons-for-gutenberg","init":"ultimate-addons-for-gutenberg\/ultimate-addons-for-gutenberg.php","name":"Ultimate Addons for Gutenberg"},{"slug":"wpforms-lite","init":"wpforms-lite\/wpforms.php","name":"WPForms Lite"}],"post-status":"publish","post-content":"","post-excerpt":"","pages":{"id-38775":{"title":"Home","featured-image-url":"https:\/\/websitedemos.net\/wp-content\/uploads\/2020\/01\/nutritionist-01-home.jpg","thumbnail-image-url":"https:\/\/websitedemos.net\/wp-content\/uploads\/2020\/01\/nutritionist-01-home.jpg","astra-page-api-url":"https:\/\/websitedemos.net\/nutritionist-01\/wp-json\/wp\/v2\/pages\/97","dynamic-page":"no","astra-page-url":"\/\/websitedemos.net\/nutritionist-01\/","astra-sites-tag":{"423":"home"},"site-pages-type":"free","site-pages-page-builder":"beaver-builder","site-pages-category":[],"site-pages-parent-category":{"60":"business","61":"free"},"required-plugins":[{"slug":"beaver-builder-lite-version","init":"beaver-builder-lite-version\/fl-builder.php","name":"Beaver Builder Plugin (Lite Version)"},{"slug":"ultimate-addons-for-beaver-builder-lite","init":"ultimate-addons-for-beaver-builder-lite\/bb-ultimate-addon.php","name":"Ultimate Addons for Beaver Builder - Lite"},{"slug":"wpforms-lite","init":"wpforms-lite\/wpforms.php","name":"WPForms Lite"}]},"id-38772":{"title":"About","featured-image-url":"https:\/\/websitedemos.net\/wp-content\/uploads\/2020\/01\/nutritionist-01-about.jpg","thumbnail-image-url":"https:\/\/websitedemos.net\/wp-content\/uploads\/2020\/01\/nutritionist-01-about.jpg","astra-page-api-url":"https:\/\/websitedemos.net\/nutritionist-01\/wp-json\/wp\/v2\/pages\/141","dynamic-page":"no","astra-page-url":"\/\/websitedemos.net\/nutritionist-01\/about\/","astra-sites-tag":{"352":"about"},"site-pages-type":"free","site-pages-page-builder":"beaver-builder","site-pages-category":[],"site-pages-parent-category":{"60":"business","61":"free"},"required-plugins":[{"slug":"beaver-builder-lite-version","init":"beaver-builder-lite-version\/fl-builder.php","name":"Beaver Builder Plugin (Lite Version)"},{"slug":"ultimate-addons-for-beaver-builder-lite","init":"ultimate-addons-for-beaver-builder-lite\/bb-ultimate-addon.php","name":"Ultimate Addons for Beaver Builder - Lite"}]},"id-38776":{"title":"Programs","featured-image-url":"https:\/\/websitedemos.net\/wp-content\/uploads\/2020\/01\/nutritionist-01-programms.jpg","thumbnail-image-url":"https:\/\/websitedemos.net\/wp-content\/uploads\/2020\/01\/nutritionist-01-programms.jpg","astra-page-api-url":"https:\/\/websitedemos.net\/nutritionist-01\/wp-json\/wp\/v2\/pages\/145","dynamic-page":"no","astra-page-url":"\/\/websitedemos.net\/nutritionist-01\/programs\/","astra-sites-tag":{"989":"programs"},"site-pages-type":"free","site-pages-page-builder":"beaver-builder","site-pages-category":[],"site-pages-parent-category":{"60":"business","61":"free"},"required-plugins":[{"slug":"beaver-builder-lite-version","init":"beaver-builder-lite-version\/fl-builder.php","name":"Beaver Builder Plugin (Lite Version)"},{"slug":"ultimate-addons-for-beaver-builder-lite","init":"ultimate-addons-for-beaver-builder-lite\/bb-ultimate-addon.php","name":"Ultimate Addons for Beaver Builder - Lite"}]},"id-38777":{"title":"Success Stories","featured-image-url":"https:\/\/websitedemos.net\/wp-content\/uploads\/2020\/01\/nutritionist-01-success-stories.jpg","thumbnail-image-url":"https:\/\/websitedemos.net\/wp-content\/uploads\/2020\/01\/nutritionist-01-success-stories.jpg","astra-page-api-url":"https:\/\/websitedemos.net\/nutritionist-01\/wp-json\/wp\/v2\/pages\/304","dynamic-page":"no","astra-page-url":"\/\/websitedemos.net\/nutritionist-01\/success-stories\/","astra-sites-tag":{"990":"success-stories"},"site-pages-type":"free","site-pages-page-builder":"beaver-builder","site-pages-category":[],"site-pages-parent-category":{"60":"business","61":"free"},"required-plugins":[{"slug":"beaver-builder-lite-version","init":"beaver-builder-lite-version\/fl-builder.php","name":"Beaver Builder Plugin (Lite Version)"},{"slug":"ultimate-addons-for-beaver-builder-lite","init":"ultimate-addons-for-beaver-builder-lite\/bb-ultimate-addon.php","name":"Ultimate Addons for Beaver Builder - Lite"}]},"id-38773":{"title":"Blog","featured-image-url":"https:\/\/websitedemos.net\/wp-content\/uploads\/2020\/01\/nutritionist-01-blog.jpg","thumbnail-image-url":"https:\/\/websitedemos.net\/wp-content\/uploads\/2020\/01\/nutritionist-01-blog.jpg","astra-page-api-url":"https:\/\/websitedemos.net\/nutritionist-01\/wp-json\/wp\/v2\/pages\/307","dynamic-page":"no","astra-page-url":"\/\/websitedemos.net\/nutritionist-01\/blog\/","astra-sites-tag":{"480":"blog"},"site-pages-type":"free","site-pages-page-builder":"gutenberg","site-pages-category":[],"site-pages-parent-category":{"60":"business","61":"free"},"required-plugins":[{"slug":"ultimate-addons-for-gutenberg","init":"ultimate-addons-for-gutenberg\/ultimate-addons-for-gutenberg.php","name":"Ultimate Addons for Gutenberg"}]},"id-38774":{"title":"Contact","featured-image-url":"https:\/\/websitedemos.net\/wp-content\/uploads\/2020\/01\/nutritionist-01-contact.jpg","thumbnail-image-url":"https:\/\/websitedemos.net\/wp-content\/uploads\/2020\/01\/nutritionist-01-contact.jpg","astra-page-api-url":"https:\/\/websitedemos.net\/nutritionist-01\/wp-json\/wp\/v2\/pages\/143","dynamic-page":"no","astra-page-url":"\/\/websitedemos.net\/nutritionist-01\/contact\/","astra-sites-tag":{"415":"contact"},"site-pages-type":"free","site-pages-page-builder":"beaver-builder","site-pages-category":[],"site-pages-parent-category":{"60":"business","61":"free"},"required-plugins":[{"slug":"beaver-builder-lite-version","init":"beaver-builder-lite-version\/fl-builder.php","name":"Beaver Builder Plugin (Lite Version)"},{"slug":"ultimate-addons-for-beaver-builder-lite","init":"ultimate-addons-for-beaver-builder-lite\/bb-ultimate-addon.php","name":"Ultimate Addons for Beaver Builder - Lite"},{"slug":"wpforms-lite","init":"wpforms-lite\/wpforms.php","name":"WPForms Lite"}]}},"related-bb-template":"","related-elementor-template":"","related-gutenberg-template":"","related_ecommerce_template":"","ecommerce_parent_template":""}}