{"id-72580":{"title":"SaaS App Company","id":72580,"publish-date":1679478944,"featured-image-url":"https:\/\/websitedemos.net\/wp-content\/uploads\/2023\/03\/saas-app-company-04.jpg","thumbnail-image-url":"https:\/\/websitedemos.net\/wp-content\/uploads\/2023\/03\/saas-app-company-04-600x3276.jpg","fullpage-thumbnail-image-url":"https:\/\/websitedemos.net\/wp-content\/uploads\/2023\/03\/saas-app-company-04-400x2184.jpg","astra-site-url":"\/\/websitedemos.net\/saas-app-company-04","astra-site-parent-id":3127,"astra-sites-tag":{"2712":"analytics","2709":"app-tech-company","3416":"elementor","2711":"forecasting","1844":"premium","2708":"saas","2713":"sales-growth","2714":"sales-management","2710":"sales-strategies"},"astra-sites-type":"agency-mini","astra-site-category":{"27":"business"},"astra-sites-template-category":{"2777":"business","2817":"technology"},"astra-site-page-builder":"elementor","categories":{"2487":"agency","3435":"business","3427":"default","3429":"premium","2499":"technology"},"required-plugins":[{"slug":"elementor","init":"elementor\/elementor.php","name":"Elementor"},{"slug":"ultimate-elementor","init":"ultimate-elementor\/ultimate-elementor.php","name":"Ultimate Addons for Elementor"},{"slug":"wpforms-lite","init":"wpforms-lite\/wpforms.php","name":"WPForms Lite"}],"post-status":"publish","post-content":"<!-- wp:paragraph -->\n<p>The SaaS App Company template is a vibrant, colorful design ideal for agencies and businesses of all types. It\u2019s light, welcoming and uses graphics throughout to help engage and tell your story. Ideal for new businesses, upstarts, and startups.<\/p>\n<!-- \/wp:paragraph -->\n\n<!-- wp:paragraph -->\n<p>The template includes calm colors on well-balanced pages that let you showcase your products and services, and share your successes and your story. There are also additional pages to help build your website with minimal time and effort while looking professional and engaging.<\/p>\n<!-- \/wp:paragraph -->\n\n<!-- wp:heading {\"UAGDay\":[]} -->\n<h2 class=\"wp-block-heading\">Key features of the SaaS App Company template<\/h2>\n<!-- \/wp:heading -->\n\n<!-- wp:list -->\n<ul><!-- wp:list-item -->\n<li>Light, welcoming colors with modern typography<\/li>\n<!-- \/wp:list-item -->\n\n<!-- wp:list-item -->\n<li>Well-designed pages with lots of customizable content areas<\/li>\n<!-- \/wp:list-item -->\n\n<!-- wp:list-item -->\n<li>Uses graphics to help tell your story<\/li>\n<!-- \/wp:list-item -->\n\n<!-- wp:list-item -->\n<li>Could easily be customized to suit any type of business<\/li>\n<!-- \/wp:list-item -->\n\n<!-- wp:list-item -->\n<li>Full compatibility with leading page builders<\/li>\n<!-- \/wp:list-item --><\/ul>\n<!-- \/wp:list -->","post-excerpt":"SaaS App Company uses vibrant design to help engage your audience and tell your story","pages":{"id-72584":{"title":"Home","featured-image-url":"https:\/\/websitedemos.net\/wp-content\/uploads\/2023\/03\/saas-app-company-04.jpg","thumbnail-image-url":"https:\/\/websitedemos.net\/wp-content\/uploads\/2023\/03\/saas-app-company-04-600x3276.jpg","astra-page-api-url":"https:\/\/websitedemos.net\/saas-app-company-04\/wp-json\/wp\/v2\/pages\/8","dynamic-page":"no","astra-page-url":"\/\/websitedemos.net\/saas-app-company-04\/","astra-sites-tag":{"423":"home"},"site-pages-type":"agency-mini","site-pages-page-builder":"elementor","site-pages-category":[],"site-pages-parent-category":{"60":"business"},"required-plugins":[{"slug":"elementor","init":"elementor\/elementor.php","name":"Elementor"},{"slug":"ultimate-elementor","init":"ultimate-elementor\/ultimate-elementor.php","name":"Ultimate Addons for Elementor"}]},"id-72585":{"title":"Products","featured-image-url":"https:\/\/websitedemos.net\/wp-content\/uploads\/2023\/03\/saas-app-company-04-products.jpg","thumbnail-image-url":"https:\/\/websitedemos.net\/wp-content\/uploads\/2023\/03\/saas-app-company-04-products-600x1824.jpg","astra-page-api-url":"https:\/\/websitedemos.net\/saas-app-company-04\/wp-json\/wp\/v2\/pages\/12","dynamic-page":"no","astra-page-url":"\/\/websitedemos.net\/saas-app-company-04\/products\/","astra-sites-tag":{"540":"products"},"site-pages-type":"agency-mini","site-pages-page-builder":"elementor","site-pages-category":[],"site-pages-parent-category":{"60":"business"},"required-plugins":[{"slug":"elementor","init":"elementor\/elementor.php","name":"Elementor"},{"slug":"ultimate-elementor","init":"ultimate-elementor\/ultimate-elementor.php","name":"Ultimate Addons for Elementor"}]},"id-72583":{"title":"Features","featured-image-url":"https:\/\/websitedemos.net\/wp-content\/uploads\/2023\/03\/saas-app-company-04-features.jpg","thumbnail-image-url":"https:\/\/websitedemos.net\/wp-content\/uploads\/2023\/03\/saas-app-company-04-features-600x3216.jpg","astra-page-api-url":"https:\/\/websitedemos.net\/saas-app-company-04\/wp-json\/wp\/v2\/pages\/14","dynamic-page":"no","astra-page-url":"\/\/websitedemos.net\/saas-app-company-04\/features\/","astra-sites-tag":{"453":"features"},"site-pages-type":"agency-mini","site-pages-page-builder":"elementor","site-pages-category":[],"site-pages-parent-category":{"60":"business"},"required-plugins":[{"slug":"elementor","init":"elementor\/elementor.php","name":"Elementor"},{"slug":"ultimate-elementor","init":"ultimate-elementor\/ultimate-elementor.php","name":"Ultimate Addons for Elementor"}]},"id-72581":{"title":"About Us","featured-image-url":"https:\/\/websitedemos.net\/wp-content\/uploads\/2023\/03\/saas-app-company-04-about.jpg","thumbnail-image-url":"https:\/\/websitedemos.net\/wp-content\/uploads\/2023\/03\/saas-app-company-04-about-600x2687.jpg","astra-page-api-url":"https:\/\/websitedemos.net\/saas-app-company-04\/wp-json\/wp\/v2\/pages\/10","dynamic-page":"no","astra-page-url":"\/\/websitedemos.net\/saas-app-company-04\/about-us\/","astra-sites-tag":{"455":"about-us"},"site-pages-type":"agency-mini","site-pages-page-builder":"elementor","site-pages-category":[],"site-pages-parent-category":{"60":"business"},"required-plugins":[{"slug":"elementor","init":"elementor\/elementor.php","name":"Elementor"},{"slug":"ultimate-elementor","init":"ultimate-elementor\/ultimate-elementor.php","name":"Ultimate Addons for Elementor"}]},"id-72582":{"title":"Contact","featured-image-url":"https:\/\/websitedemos.net\/wp-content\/uploads\/2023\/03\/saas-app-company-04-contact.jpg","thumbnail-image-url":"https:\/\/websitedemos.net\/wp-content\/uploads\/2023\/03\/saas-app-company-04-contact-600x946.jpg","astra-page-api-url":"https:\/\/websitedemos.net\/saas-app-company-04\/wp-json\/wp\/v2\/pages\/16","dynamic-page":"no","astra-page-url":"\/\/websitedemos.net\/saas-app-company-04\/contact\/","astra-sites-tag":{"415":"contact"},"site-pages-type":"agency-mini","site-pages-page-builder":"elementor","site-pages-category":[],"site-pages-parent-category":{"60":"business"},"required-plugins":[{"slug":"elementor","init":"elementor\/elementor.php","name":"Elementor"},{"slug":"ultimate-elementor","init":"ultimate-elementor\/ultimate-elementor.php","name":"Ultimate Addons for Elementor"},{"slug":"wpforms-lite","init":"wpforms-lite\/wpforms.php","name":"WPForms Lite"}]}},"related-bb-template":"","related-elementor-template":72580,"related-gutenberg-template":86253,"related_ecommerce_template":"","ecommerce_parent_template":""},"id-73425":{"title":"Eggcellent Restaurant","id":73425,"publish-date":1681499952,"featured-image-url":"https:\/\/websitedemos.net\/wp-content\/uploads\/2023\/04\/eggcellent-restaurant-04.jpg","thumbnail-image-url":"https:\/\/websitedemos.net\/wp-content\/uploads\/2023\/04\/eggcellent-restaurant-04-600x2228.jpg","fullpage-thumbnail-image-url":"https:\/\/websitedemos.net\/wp-content\/uploads\/2023\/04\/eggcellent-restaurant-04-400x1485.jpg","astra-site-url":"\/\/websitedemos.net\/eggcellent-restaurant-04","astra-site-parent-id":3141,"astra-sites-tag":{"3142":"egg","3143":"egg-restaurant","2013":"fast-food-restaurant","336":"food","2068":"food-and-drinks","2067":"food-and-restaurant","1579":"food-menu","2069":"non-vegetarian-restaurant","335":"restaurant"},"astra-sites-type":"agency-mini","astra-site-category":{"27":"business"},"astra-sites-template-category":{"2777":"business","2785":"food","2776":"restaurant"},"astra-site-page-builder":"elementor","categories":{"3427":"default","3429":"premium","2496":"restaurant-food"},"required-plugins":[{"slug":"elementor","init":"elementor\/elementor.php","name":"Elementor"},{"slug":"ultimate-elementor","init":"ultimate-elementor\/ultimate-elementor.php","name":"Ultimate Addons for Elementor"},{"slug":"wpforms-lite","init":"wpforms-lite\/wpforms.php","name":"WPForms Lite"},{"slug":"two-factor","init":"two-factor\/two-factor.php","name":"Two Factor"}],"post-status":"publish","post-content":"<!-- wp:paragraph -->\n<p>The Eggs Restaurant template is a fun, snappy design ideal for cafes, restaurants, bars, bistros, and other service businesses to share key information and attract customers. It\u2019s fully responsive, fully customizable, and could be the only website you ever need.<\/p>\n<!-- \/wp:paragraph -->\n\n<!-- wp:paragraph -->\n<p>The design has a chic feel with borderless sections and a free flow down the page. There are all the essentials, content areas, menu sections, location maps, opening times, and everything customers need if they want to visit your establishment.<\/p>\n<!-- \/wp:paragraph -->\n\n<!-- wp:heading -->\n<h2>Key features of the Eggs Restaurant template<\/h2>\n<!-- \/wp:heading -->\n\n<!-- wp:list -->\n<ul><!-- wp:list-item -->\n<li>Fun design with modern appeal<\/li>\n<!-- \/wp:list-item -->\n\n<!-- wp:list-item -->\n<li>Smart menu section, map, contact page, and more<\/li>\n<!-- \/wp:list-item -->\n\n<!-- wp:list-item -->\n<li>Fully customizable to fit your brand<\/li>\n<!-- \/wp:list-item -->\n\n<!-- wp:list-item -->\n<li>Built-in booking button for reservations<\/li>\n<!-- \/wp:list-item -->\n\n<!-- wp:list-item -->\n<li>Full compatibility with leading page builders<\/li>\n<!-- \/wp:list-item --><\/ul>\n<!-- \/wp:list -->","post-excerpt":"The Eggs Restaurant template is a complete eatery website all ready to serve","pages":{"id-73428":{"title":"Home","featured-image-url":"https:\/\/websitedemos.net\/wp-content\/uploads\/2023\/04\/eggcellent-restaurant-04.jpg","thumbnail-image-url":"https:\/\/websitedemos.net\/wp-content\/uploads\/2023\/04\/eggcellent-restaurant-04-600x2228.jpg","astra-page-api-url":"https:\/\/websitedemos.net\/eggcellent-restaurant-04\/wp-json\/wp\/v2\/pages\/8","dynamic-page":"no","astra-page-url":"\/\/websitedemos.net\/eggcellent-restaurant-04\/","astra-sites-tag":{"423":"home"},"site-pages-type":"agency-mini","site-pages-page-builder":"elementor","site-pages-category":[],"site-pages-parent-category":{"60":"business"},"required-plugins":[{"slug":"elementor","init":"elementor\/elementor.php","name":"Elementor"},{"slug":"ultimate-elementor","init":"ultimate-elementor\/ultimate-elementor.php","name":"Ultimate Addons for Elementor"},{"slug":"wpforms-lite","init":"wpforms-lite\/wpforms.php","name":"WPForms Lite"}]},"id-73426":{"title":"About","featured-image-url":"https:\/\/websitedemos.net\/wp-content\/uploads\/2023\/04\/eggcellent-restaurant-04-about.jpg","thumbnail-image-url":"https:\/\/websitedemos.net\/wp-content\/uploads\/2023\/04\/eggcellent-restaurant-04-about-600x1692.jpg","astra-page-api-url":"https:\/\/websitedemos.net\/eggcellent-restaurant-04\/wp-json\/wp\/v2\/pages\/12","dynamic-page":"no","astra-page-url":"\/\/websitedemos.net\/eggcellent-restaurant-04\/about\/","astra-sites-tag":{"352":"about"},"site-pages-type":"agency-mini","site-pages-page-builder":"elementor","site-pages-category":[],"site-pages-parent-category":{"60":"business"},"required-plugins":[{"slug":"elementor","init":"elementor\/elementor.php","name":"Elementor"}]},"id-73429":{"title":"Menu","featured-image-url":"https:\/\/websitedemos.net\/wp-content\/uploads\/2023\/04\/eggcellent-restaurant-04-menu.jpg","thumbnail-image-url":"https:\/\/websitedemos.net\/wp-content\/uploads\/2023\/04\/eggcellent-restaurant-04-menu-600x1240.jpg","astra-page-api-url":"https:\/\/websitedemos.net\/eggcellent-restaurant-04\/wp-json\/wp\/v2\/pages\/14","dynamic-page":"no","astra-page-url":"\/\/websitedemos.net\/eggcellent-restaurant-04\/menu\/","astra-sites-tag":{"565":"menu"},"site-pages-type":"agency-mini","site-pages-page-builder":"elementor","site-pages-category":[],"site-pages-parent-category":{"60":"business"},"required-plugins":[{"slug":"elementor","init":"elementor\/elementor.php","name":"Elementor"},{"slug":"ultimate-elementor","init":"ultimate-elementor\/ultimate-elementor.php","name":"Ultimate Addons for Elementor"},{"slug":"wpforms-lite","init":"wpforms-lite\/wpforms.php","name":"WPForms Lite"}]},"id-73427":{"title":"Contact","featured-image-url":"https:\/\/websitedemos.net\/wp-content\/uploads\/2023\/04\/eggcellent-restaurant-04-contact.jpg","thumbnail-image-url":"https:\/\/websitedemos.net\/wp-content\/uploads\/2023\/04\/eggcellent-restaurant-04-contact-600x1069.jpg","astra-page-api-url":"https:\/\/websitedemos.net\/eggcellent-restaurant-04\/wp-json\/wp\/v2\/pages\/16","dynamic-page":"no","astra-page-url":"\/\/websitedemos.net\/eggcellent-restaurant-04\/contact\/","astra-sites-tag":{"415":"contact"},"site-pages-type":"agency-mini","site-pages-page-builder":"elementor","site-pages-category":[],"site-pages-parent-category":{"60":"business"},"required-plugins":[{"slug":"elementor","init":"elementor\/elementor.php","name":"Elementor"},{"slug":"wpforms-lite","init":"wpforms-lite\/wpforms.php","name":"WPForms Lite"}]}},"related-bb-template":"","related-elementor-template":73425,"related-gutenberg-template":93616,"related_ecommerce_template":"","ecommerce_parent_template":""},"id-93497":{"title":"Christmas Store","id":93497,"publish-date":1731516124,"featured-image-url":"https:\/\/websitedemos.net\/wp-content\/uploads\/2024\/11\/christmas-store-04.jpg","thumbnail-image-url":"https:\/\/websitedemos.net\/wp-content\/uploads\/2024\/11\/christmas-store-04-600x1880.jpg","fullpage-thumbnail-image-url":"https:\/\/websitedemos.net\/wp-content\/uploads\/2024\/11\/christmas-store-04-400x1253.jpg","astra-site-url":"\/\/websitedemos.net\/christmas-store-04","astra-site-parent-id":3636,"astra-sites-tag":{"639":"accessories","3021":"christmas","3404":"christmas-shopping","3024":"christmasfun","3025":"christmasmood","3022":"christmasparty","3026":"christmasspirit","3023":"christmastime","3030":"christmasvibes","496":"ecommerce","1817":"ecommerce-store","2416":"shopping"},"astra-sites-type":"agency-mini","astra-site-category":{"38":"ecommerce"},"astra-sites-template-category":{"2769":"ecommerce","2784":"event"},"astra-site-page-builder":"elementor","categories":{"2495":"ecommerce","3429":"premium"},"required-plugins":[{"slug":"astra-addon","init":"astra-addon\/astra-addon.php","name":"Astra Pro"},{"slug":"elementor","init":"elementor\/elementor.php","name":"Elementor"},{"slug":"woocommerce","init":"woocommerce\/woocommerce.php","name":"WooCommerce"},{"slug":"woocommerce-payments","init":"woocommerce-payments\/woocommerce-payments.php","name":"WooPayments"},{"slug":"ultimate-elementor","init":"ultimate-elementor\/ultimate-elementor.php","name":"Ultimate Addons for Elementor Pro"},{"slug":"wpforms-lite","init":"wpforms-lite\/wpforms.php","name":"WPForms Lite"}],"post-status":"publish","post-content":"<!-- wp:paragraph -->\n<p>The Christmas Store template is a seasonal sales sensation. It\u2019s rich, colorful, eye-catching and delivers the first impression you need to engage customers during the busiest time of the year.<\/p>\n<!-- \/wp:paragraph -->\n\n<!-- wp:paragraph -->\n<p>The eCommerce template is designed to get people in the buying mood. There\u2019s an attractive homepage with animated background, lots of content areas, well-designed category and product pages and slide-in checkout page. It\u2019s everything your store needs to make the most of Christmas!<\/p>\n<!-- \/wp:paragraph -->\n\n<!-- wp:heading -->\n<h2 class=\"wp-block-heading\">Key features of the Christmas Store template<\/h2>\n<!-- \/wp:heading -->\n\n<!-- wp:list -->\n<ul class=\"wp-block-list\"><!-- wp:list-item -->\n<li>Rich colors and typography<\/li>\n<!-- \/wp:list-item -->\n\n<!-- wp:list-item -->\n<li>Animated background to add interest<\/li>\n<!-- \/wp:list-item -->\n\n<!-- wp:list-item -->\n<li>Attractive store pages that are ready to sell\u00a0<\/li>\n<!-- \/wp:list-item -->\n\n<!-- wp:list-item -->\n<li>SEO friendly and fully responsive<\/li>\n<!-- \/wp:list-item -->\n\n<!-- wp:list-item -->\n<li>Fully compatible with popular page builders<\/li>\n<!-- \/wp:list-item --><\/ul>\n<!-- \/wp:list -->","post-excerpt":"The Christmas Store template is perfect for holiday shops, seasonal gift stores, and festive decor retailers.","pages":{"id-93500":{"title":"Home","featured-image-url":"https:\/\/websitedemos.net\/wp-content\/uploads\/2024\/11\/christmas-store-04.jpg","thumbnail-image-url":"https:\/\/websitedemos.net\/wp-content\/uploads\/2024\/11\/christmas-store-04-600x1880.jpg","astra-page-api-url":"https:\/\/websitedemos.net\/christmas-store-04\/wp-json\/wp\/v2\/pages\/42","dynamic-page":"yes","astra-page-url":"\/\/websitedemos.net\/christmas-store-04\/","astra-sites-tag":{"423":"home"},"site-pages-type":"agency-mini","site-pages-page-builder":"elementor","site-pages-category":[],"site-pages-parent-category":{"64":"ecommerce"},"required-plugins":[{"slug":"astra-addon","init":"astra-addon\/astra-addon.php","name":"Astra Pro"},{"slug":"elementor","init":"elementor\/elementor.php","name":"Elementor"},{"slug":"ultimate-elementor","init":"ultimate-elementor\/ultimate-elementor.php","name":"Ultimate Addons for Elementor Pro"},{"slug":"woocommerce","init":"woocommerce\/woocommerce.php","name":"WooCommerce"},{"slug":"woocommerce-payments","init":"woocommerce-payments\/woocommerce-payments.php","name":"WooPayments"}]},"id-93499":{"title":"Contact","featured-image-url":"https:\/\/websitedemos.net\/wp-content\/uploads\/2024\/11\/christmas-store-04-contact.jpg","thumbnail-image-url":"https:\/\/websitedemos.net\/wp-content\/uploads\/2024\/11\/christmas-store-04-contact-600x652.jpg","astra-page-api-url":"https:\/\/websitedemos.net\/christmas-store-04\/wp-json\/wp\/v2\/pages\/55","dynamic-page":"no","astra-page-url":"\/\/websitedemos.net\/christmas-store-04\/contact\/","astra-sites-tag":{"415":"contact"},"site-pages-type":"agency-mini","site-pages-page-builder":"elementor","site-pages-category":[],"site-pages-parent-category":{"64":"ecommerce"},"required-plugins":[{"slug":"astra-addon","init":"astra-addon\/astra-addon.php","name":"Astra Pro"},{"slug":"elementor","init":"elementor\/elementor.php","name":"Elementor"},{"slug":"ultimate-elementor","init":"ultimate-elementor\/ultimate-elementor.php","name":"Ultimate Addons for Elementor Pro"},{"slug":"wpforms-lite","init":"wpforms-lite\/wpforms.php","name":"WPForms Lite"}]},"id-93498":{"title":"About","featured-image-url":"https:\/\/websitedemos.net\/wp-content\/uploads\/2024\/11\/christmas-store-04-about.jpg","thumbnail-image-url":"https:\/\/websitedemos.net\/wp-content\/uploads\/2024\/11\/christmas-store-04-about-600x1303.jpg","astra-page-api-url":"https:\/\/websitedemos.net\/christmas-store-04\/wp-json\/wp\/v2\/pages\/47","dynamic-page":"no","astra-page-url":"\/\/websitedemos.net\/christmas-store-04\/about\/","astra-sites-tag":{"352":"about"},"site-pages-type":"agency-mini","site-pages-page-builder":"elementor","site-pages-category":[],"site-pages-parent-category":{"64":"ecommerce"},"required-plugins":[{"slug":"astra-addon","init":"astra-addon\/astra-addon.php","name":"Astra Pro"},{"slug":"elementor","init":"elementor\/elementor.php","name":"Elementor"},{"slug":"ultimate-elementor","init":"ultimate-elementor\/ultimate-elementor.php","name":"Ultimate Addons for Elementor Pro"}]}},"related-bb-template":"","related-elementor-template":93497,"related-gutenberg-template":93472,"related_ecommerce_template":"","ecommerce_parent_template":""},"id-73267":{"title":"Food Truck","id":73267,"publish-date":1680026505,"featured-image-url":"https:\/\/websitedemos.net\/wp-content\/uploads\/2023\/03\/food-truck-03.jpg","thumbnail-image-url":"https:\/\/websitedemos.net\/wp-content\/uploads\/2023\/03\/food-truck-03-600x3090.jpg","fullpage-thumbnail-image-url":"https:\/\/websitedemos.net\/wp-content\/uploads\/2023\/03\/food-truck-03-400x2060.jpg","astra-site-url":"\/\/websitedemos.net\/food-truck-03","astra-site-parent-id":3136,"astra-sites-tag":{"3138":"businesss","336":"food","1808":"food-truck","3137":"foodtruck","1810":"ice-cream-truck-2","1809":"ice-cream-truck"},"astra-sites-type":"agency-mini","astra-site-category":{"27":"business"},"astra-sites-template-category":{"2777":"business","2785":"food","2876":"food-ordering","2776":"restaurant"},"astra-site-page-builder":"beaver-builder","categories":{"2496":"restaurant-food"},"required-plugins":[{"slug":"beaver-builder-lite-version","init":"beaver-builder-lite-version\/fl-builder.php","name":"Beaver Builder Plugin (Lite Version)"},{"slug":"bb-ultimate-addon","init":"bb-ultimate-addon\/bb-ultimate-addon.php","name":"Ultimate Addons for Beaver Builder"},{"slug":"wpforms-lite","init":"wpforms-lite\/wpforms.php","name":"WPForms Lite"}],"post-status":"publish","post-content":"","post-excerpt":"","pages":{"id-73268":{"title":"Home","featured-image-url":"https:\/\/websitedemos.net\/wp-content\/uploads\/2023\/03\/food-truck-03.jpg","thumbnail-image-url":"https:\/\/websitedemos.net\/wp-content\/uploads\/2023\/03\/food-truck-03-600x3090.jpg","astra-page-api-url":"https:\/\/websitedemos.net\/food-truck-03\/wp-json\/wp\/v2\/pages\/396","dynamic-page":"no","astra-page-url":"\/\/websitedemos.net\/food-truck-03\/","astra-sites-tag":{"423":"home"},"site-pages-type":"agency-mini","site-pages-page-builder":"beaver-builder","site-pages-category":[],"site-pages-parent-category":{"60":"business"},"required-plugins":[{"slug":"beaver-builder-lite-version","init":"beaver-builder-lite-version\/fl-builder.php","name":"Beaver Builder Plugin (Lite Version)"},{"slug":"bb-ultimate-addon","init":"bb-ultimate-addon\/bb-ultimate-addon.php","name":"Ultimate Addons for Beaver Builder"},{"slug":"wpforms-lite","init":"wpforms-lite\/wpforms.php","name":"WPForms Lite"}]}},"related-bb-template":"","related-elementor-template":"","related-gutenberg-template":"","related_ecommerce_template":"","ecommerce_parent_template":""},"id-60460":{"title":"Language Tutors","id":60460,"publish-date":1704285763,"featured-image-url":"https:\/\/websitedemos.net\/wp-content\/uploads\/2022\/04\/language-tutors-01.jpg","thumbnail-image-url":"https:\/\/websitedemos.net\/wp-content\/uploads\/2022\/04\/language-tutors-01-600x2555.jpg","fullpage-thumbnail-image-url":"https:\/\/websitedemos.net\/wp-content\/uploads\/2022\/04\/language-tutors-01-400x1703.jpg","astra-site-url":"\/\/websitedemos.net\/language-tutors-01","astra-site-parent-id":2746,"astra-sites-tag":{"2747":"language","2749":"language-tutor","719":"online-coaching","466":"online-courses","975":"online-learning","2748":"tutor","720":"tutorials"},"astra-sites-type":"free","astra-site-category":{"27":"business","39":"free"},"astra-sites-template-category":[],"astra-site-page-builder":"beaver-builder","categories":{"2494":"elearning"},"required-plugins":[{"slug":"beaver-builder-lite-version","init":"beaver-builder-lite-version\/fl-builder.php","name":"Beaver Builder Plugin (Lite Version)"},{"slug":"ultimate-addons-for-beaver-builder-lite","init":"ultimate-addons-for-beaver-builder-lite\/bb-ultimate-addon.php","name":"Ultimate Addons for Beaver Builder - Lite"},{"slug":"wpforms-lite","init":"wpforms-lite\/wpforms.php","name":"WPForms Lite"}],"post-status":"publish","post-content":"","post-excerpt":"","pages":{"id-60464":{"title":"Home","featured-image-url":"https:\/\/websitedemos.net\/wp-content\/uploads\/2022\/04\/language-tutors-01.jpg","thumbnail-image-url":"https:\/\/websitedemos.net\/wp-content\/uploads\/2022\/04\/language-tutors-01-600x2555.jpg","astra-page-api-url":"https:\/\/websitedemos.net\/language-tutors-01\/wp-json\/wp\/v2\/pages\/322","dynamic-page":"no","astra-page-url":"\/\/websitedemos.net\/language-tutors-01\/","astra-sites-tag":{"469":"ecourse","423":"home","814":"homepage","2747":"language","2752":"language-course","2749":"language-tutor","466":"online-courses"},"site-pages-type":"free","site-pages-page-builder":"beaver-builder","site-pages-category":[],"site-pages-parent-category":{"60":"business","61":"free"},"required-plugins":[{"slug":"beaver-builder-lite-version","init":"beaver-builder-lite-version\/fl-builder.php","name":"Beaver Builder Plugin (Lite Version)"},{"slug":"ultimate-addons-for-beaver-builder-lite","init":"ultimate-addons-for-beaver-builder-lite\/bb-ultimate-addon.php","name":"Ultimate Addons for Beaver Builder - Lite"}]},"id-60463":{"title":"Courses","featured-image-url":"https:\/\/websitedemos.net\/wp-content\/uploads\/2022\/04\/language-tutors-courses-01.jpg","thumbnail-image-url":"https:\/\/websitedemos.net\/wp-content\/uploads\/2022\/04\/language-tutors-courses-01-600x1438.jpg","astra-page-api-url":"https:\/\/websitedemos.net\/language-tutors-01\/wp-json\/wp\/v2\/pages\/323","dynamic-page":"no","astra-page-url":"\/\/websitedemos.net\/language-tutors-01\/courses\/","astra-sites-tag":{"462":"courses","469":"ecourse","2747":"language","2752":"language-course","2749":"language-tutor","466":"online-courses"},"site-pages-type":"free","site-pages-page-builder":"beaver-builder","site-pages-category":[],"site-pages-parent-category":{"60":"business","61":"free"},"required-plugins":[{"slug":"beaver-builder-lite-version","init":"beaver-builder-lite-version\/fl-builder.php","name":"Beaver Builder Plugin (Lite Version)"},{"slug":"ultimate-addons-for-beaver-builder-lite","init":"ultimate-addons-for-beaver-builder-lite\/bb-ultimate-addon.php","name":"Ultimate Addons for Beaver Builder - Lite"}]},"id-60465":{"title":"Our Teachers","featured-image-url":"https:\/\/websitedemos.net\/wp-content\/uploads\/2022\/04\/language-tutors-teachers-01.jpg","thumbnail-image-url":"https:\/\/websitedemos.net\/wp-content\/uploads\/2022\/04\/language-tutors-teachers-01-600x1721.jpg","astra-page-api-url":"https:\/\/websitedemos.net\/language-tutors-01\/wp-json\/wp\/v2\/pages\/324","dynamic-page":"no","astra-page-url":"\/\/websitedemos.net\/language-tutors-01\/our-teachers\/","astra-sites-tag":{"468":"elearning","2747":"language","2749":"language-tutor","460":"learning","466":"online-courses","975":"online-learning","2751":"our-teachers","2750":"teachers"},"site-pages-type":"free","site-pages-page-builder":"beaver-builder","site-pages-category":[],"site-pages-parent-category":{"60":"business","61":"free"},"required-plugins":[{"slug":"beaver-builder-lite-version","init":"beaver-builder-lite-version\/fl-builder.php","name":"Beaver Builder Plugin (Lite Version)"},{"slug":"ultimate-addons-for-beaver-builder-lite","init":"ultimate-addons-for-beaver-builder-lite\/bb-ultimate-addon.php","name":"Ultimate Addons for Beaver Builder - Lite"}]},"id-60461":{"title":"About","featured-image-url":"https:\/\/websitedemos.net\/wp-content\/uploads\/2022\/04\/language-tutors-about-01.jpg","thumbnail-image-url":"https:\/\/websitedemos.net\/wp-content\/uploads\/2022\/04\/language-tutors-about-01-600x1774.jpg","astra-page-api-url":"https:\/\/websitedemos.net\/language-tutors-01\/wp-json\/wp\/v2\/pages\/325","dynamic-page":"no","astra-page-url":"\/\/websitedemos.net\/language-tutors-01\/about\/","astra-sites-tag":{"352":"about","455":"about-us","2749":"language-tutor","460":"learning","975":"online-learning","2748":"tutor","628":"what-we-do","1542":"what-we-offer"},"site-pages-type":"free","site-pages-page-builder":"beaver-builder","site-pages-category":[],"site-pages-parent-category":{"60":"business","61":"free"},"required-plugins":[{"slug":"beaver-builder-lite-version","init":"beaver-builder-lite-version\/fl-builder.php","name":"Beaver Builder Plugin (Lite Version)"},{"slug":"ultimate-addons-for-beaver-builder-lite","init":"ultimate-addons-for-beaver-builder-lite\/bb-ultimate-addon.php","name":"Ultimate Addons for Beaver Builder - Lite"}]},"id-60462":{"title":"Contact","featured-image-url":"https:\/\/websitedemos.net\/wp-content\/uploads\/2022\/04\/language-tutors-contact-01.jpg","thumbnail-image-url":"https:\/\/websitedemos.net\/wp-content\/uploads\/2022\/04\/language-tutors-contact-01-600x1222.jpg","astra-page-api-url":"https:\/\/websitedemos.net\/language-tutors-01\/wp-json\/wp\/v2\/pages\/326","dynamic-page":"no","astra-page-url":"\/\/websitedemos.net\/language-tutors-01\/contact\/","astra-sites-tag":{"415":"contact","454":"contact-us","468":"elearning","2747":"language","2749":"language-tutor","460":"learning","466":"online-courses","975":"online-learning"},"site-pages-type":"free","site-pages-page-builder":"beaver-builder","site-pages-category":[],"site-pages-parent-category":{"60":"business","61":"free"},"required-plugins":[{"slug":"beaver-builder-lite-version","init":"beaver-builder-lite-version\/fl-builder.php","name":"Beaver Builder Plugin (Lite Version)"},{"slug":"ultimate-addons-for-beaver-builder-lite","init":"ultimate-addons-for-beaver-builder-lite\/bb-ultimate-addon.php","name":"Ultimate Addons for Beaver Builder - Lite"},{"slug":"wpforms-lite","init":"wpforms-lite\/wpforms.php","name":"WPForms Lite"}]}},"related-bb-template":"","related-elementor-template":"","related-gutenberg-template":"","related_ecommerce_template":"","ecommerce_parent_template":""},"id-60418":{"title":"Visual Artist Portfolio","id":60418,"publish-date":1701884774,"featured-image-url":"https:\/\/websitedemos.net\/wp-content\/uploads\/2023\/12\/visual-artist-portfolio-02-home.jpg","thumbnail-image-url":"https:\/\/websitedemos.net\/wp-content\/uploads\/2023\/12\/visual-artist-portfolio-02-home-600x3133.jpg","fullpage-thumbnail-image-url":"https:\/\/websitedemos.net\/wp-content\/uploads\/2023\/12\/visual-artist-portfolio-02-home-400x2089.jpg","astra-site-url":"\/\/websitedemos.net\/visual-artist-portfolio-02","astra-site-parent-id":2725,"astra-sites-tag":{"2728":"art-director","339":"artist","2299":"artist-portfolio","2730":"brand-experience","3416":"elementor","2731":"motion-design","2726":"visual-artist","2727":"visual-designer","2729":"visual-identity"},"astra-sites-type":"free","astra-site-category":{"39":"free","36":"other"},"astra-sites-template-category":{"2802":"artist","2791":"creative","2770":"personal","2768":"portfolio"},"astra-site-page-builder":"elementor","categories":{"2486":"art-music","3427":"default","3428":"free","2488":"portfolio"},"required-plugins":[{"slug":"elementor","init":"elementor\/elementor.php","name":"Elementor"},{"slug":"wpforms-lite","init":"wpforms-lite\/wpforms.php","name":"WPForms Lite"},{"slug":"header-footer-elementor","init":"header-footer-elementor\/header-footer-elementor.php","name":"Ultimate Addons for Elementor Lite"}],"post-status":"publish","post-content":"<!-- wp:paragraph -->\n<p>The Visual Artist Portfolio template uses minimalist design to let your work speak for itself. It\u2019s a well-balanced portfolio template that provides an attractive framework to show off your work, engage visitors and attract new clients.<\/p>\n<!-- \/wp:paragraph -->\n\n<!-- wp:paragraph -->\n<p>The template includes an attractive frameless portfolio section, biography section, an area for testimonials and a contact form. There\u2019s also a great-looking dedicated portfolio page where you can share all your best work for the world to see.<\/p>\n<!-- \/wp:paragraph -->\n\n<!-- wp:heading -->\n<h2 class=\"wp-block-heading\"><strong>Key features of the Visual Artist Portfolio template<\/strong><\/h2>\n<!-- \/wp:heading -->\n\n<!-- wp:list -->\n<ul><!-- wp:list-item -->\n<li>Minimalist design that\u2019s clean and modern<\/li>\n<!-- \/wp:list-item -->\n\n<!-- wp:list-item -->\n<li>Provides the framework to let your work shine through<\/li>\n<!-- \/wp:list-item -->\n\n<!-- wp:list-item -->\n<li>Lots of whitespace so images really stand out<\/li>\n<!-- \/wp:list-item -->\n\n<!-- wp:list-item -->\n<li>Includes all portfolio essentials<\/li>\n<!-- \/wp:list-item -->\n\n<!-- wp:list-item -->\n<li>Fully compatible with leading page builders<\/li>\n<!-- \/wp:list-item --><\/ul>\n<!-- \/wp:list -->","post-excerpt":"The Visual Artist Portfolio template is a minimalist design with just enough to engage while allowing your work to shine through. It\u2019s the perfect balance!","pages":{"id-111925":{"title":"About","featured-image-url":"https:\/\/websitedemos.net\/wp-content\/uploads\/2025\/08\/visual-artist-portfolio-02-about.jpg","thumbnail-image-url":"https:\/\/websitedemos.net\/wp-content\/uploads\/2025\/08\/visual-artist-portfolio-02-about-600x1740.jpg","astra-page-api-url":"https:\/\/websitedemos.net\/visual-artist-portfolio-02\/wp-json\/wp\/v2\/pages\/1066","dynamic-page":"no","astra-page-url":"\/\/websitedemos.net\/visual-artist-portfolio-02\/about\/","astra-sites-tag":{"352":"about"},"site-pages-type":"free","site-pages-page-builder":"elementor","site-pages-category":[],"site-pages-parent-category":{"61":"free","139":"other"},"required-plugins":[{"slug":"elementor","init":"elementor\/elementor.php","name":"Elementor"}]},"id-60420":{"title":"Home","featured-image-url":"https:\/\/websitedemos.net\/wp-content\/uploads\/2023\/12\/visual-artist-portfolio-02-home.jpg","thumbnail-image-url":"https:\/\/websitedemos.net\/wp-content\/uploads\/2023\/12\/visual-artist-portfolio-02-home-600x3133.jpg","astra-page-api-url":"https:\/\/websitedemos.net\/visual-artist-portfolio-02\/wp-json\/wp\/v2\/pages\/5","dynamic-page":"no","astra-page-url":"\/\/websitedemos.net\/visual-artist-portfolio-02\/","astra-sites-tag":{"2728":"art-director","2730":"brand-experience","670":"designer","2350":"designer-cloths-store","423":"home","814":"homepage","2731":"motion-design","2726":"visual-artist","2727":"visual-designer","2729":"visual-identity"},"site-pages-type":"free","site-pages-page-builder":"elementor","site-pages-category":[],"site-pages-parent-category":{"61":"free","139":"other"},"required-plugins":[{"slug":"elementor","init":"elementor\/elementor.php","name":"Elementor"},{"slug":"header-footer-elementor","init":"header-footer-elementor\/header-footer-elementor.php","name":"Ultimate Addons for Elementor Lite"}]},"id-60421":{"title":"Work","featured-image-url":"https:\/\/websitedemos.net\/wp-content\/uploads\/2023\/12\/visual-artist-portfolio-02-work.jpg","thumbnail-image-url":"https:\/\/websitedemos.net\/wp-content\/uploads\/2023\/12\/visual-artist-portfolio-02-work-600x1852.jpg","astra-page-api-url":"https:\/\/websitedemos.net\/visual-artist-portfolio-02\/wp-json\/wp\/v2\/pages\/349","dynamic-page":"no","astra-page-url":"\/\/websitedemos.net\/visual-artist-portfolio-02\/works\/","astra-sites-tag":{"2728":"art-director","2730":"brand-experience","670":"designer","2350":"designer-cloths-store","2731":"motion-design","2726":"visual-artist","2727":"visual-designer","2729":"visual-identity","451":"work","784":"work-with-me"},"site-pages-type":"free","site-pages-page-builder":"elementor","site-pages-category":[],"site-pages-parent-category":{"61":"free","139":"other"},"required-plugins":[{"slug":"elementor","init":"elementor\/elementor.php","name":"Elementor"}]},"id-60419":{"title":"Contact","featured-image-url":"https:\/\/websitedemos.net\/wp-content\/uploads\/2023\/12\/visual-artist-portfolio-02-contact.jpg","thumbnail-image-url":"https:\/\/websitedemos.net\/wp-content\/uploads\/2023\/12\/visual-artist-portfolio-02-contact-600x872.jpg","astra-page-api-url":"https:\/\/websitedemos.net\/visual-artist-portfolio-02\/wp-json\/wp\/v2\/pages\/389","dynamic-page":"no","astra-page-url":"\/\/websitedemos.net\/visual-artist-portfolio-02\/contact\/","astra-sites-tag":{"2728":"art-director","2730":"brand-experience","415":"contact","1009":"contact-me","670":"designer","2350":"designer-cloths-store","2731":"motion-design","2726":"visual-artist","2727":"visual-designer","2729":"visual-identity"},"site-pages-type":"free","site-pages-page-builder":"elementor","site-pages-category":[],"site-pages-parent-category":{"61":"free","139":"other"},"required-plugins":[{"slug":"elementor","init":"elementor\/elementor.php","name":"Elementor"},{"slug":"wpforms-lite","init":"wpforms-lite\/wpforms.php","name":"WPForms Lite"}]}},"related-bb-template":"","related-elementor-template":60418,"related-gutenberg-template":"","related_ecommerce_template":"","ecommerce_parent_template":""},"id-93101":{"title":"Construction Equipment","id":93101,"publish-date":1727862955,"featured-image-url":"https:\/\/websitedemos.net\/wp-content\/uploads\/2024\/10\/construction-equipments-04.jpg","thumbnail-image-url":"https:\/\/websitedemos.net\/wp-content\/uploads\/2024\/10\/construction-equipments-04-600x1646.jpg","fullpage-thumbnail-image-url":"https:\/\/websitedemos.net\/wp-content\/uploads\/2024\/10\/construction-equipments-04-400x1097.jpg","astra-site-url":"\/\/websitedemos.net\/construction-equipment-04","astra-site-parent-id":3628,"astra-sites-tag":{"435":"architecture","2543":"building","2545":"building-foundation","979":"company","484":"construction","2546":"construction-services","2544":"fabricating","436":"interior","812":"office","485":"real-estate","687":"realty"},"astra-sites-type":"premium","astra-site-category":{"27":"business"},"astra-sites-template-category":{"2795":"architecture","2836":"construction","2793":"interior-design","2832":"property"},"astra-site-page-builder":"elementor","categories":{"2484":"real-estate"},"required-plugins":[{"slug":"elementor","init":"elementor\/elementor.php","name":"Elementor"}],"post-status":"publish","post-content":"<!-- wp:paragraph -->\n<p>The Construction Equipment template uses a corporate layout, alternating dark and light sections and bold contrast colors to draw the eye. Lots of content and image blocks help you tell your story along with testimonials, service pages and all you need to build a website.<\/p>\n<!-- \/wp:paragraph -->\n\n<!-- wp:paragraph -->\n<p>All Starter Templates are fully customizable. You can change the colors, typography, layout, header, footer and everything you see on the page using built-in tools. Templates are also compatible with page builders, making it easy to make this template your own.<\/p>\n<!-- \/wp:paragraph -->\n\n<!-- wp:heading -->\n<h2 class=\"wp-block-heading\">Key features of the Construction Equipment template<\/h2>\n<!-- \/wp:heading -->\n\n<!-- wp:list -->\n<ul class=\"wp-block-list\"><!-- wp:list-item -->\n<li>Corporate design ideal for the construction industry<\/li>\n<!-- \/wp:list-item -->\n\n<!-- wp:list-item -->\n<li>Colorful and engaging layout<\/li>\n<!-- \/wp:list-item -->\n\n<!-- wp:list-item -->\n<li>Includes everything you need for a business website<\/li>\n<!-- \/wp:list-item -->\n\n<!-- wp:list-item -->\n<li>SEO friendly and fully responsive<\/li>\n<!-- \/wp:list-item -->\n\n<!-- wp:list-item -->\n<li>Full compatibility with leading page builders<\/li>\n<!-- \/wp:list-item --><\/ul>\n<!-- \/wp:list -->","post-excerpt":"The Construction Equipment template is perfect for growing contractors and equipment rental businesses.","pages":{"id-93103":{"title":"Contact","featured-image-url":"https:\/\/websitedemos.net\/wp-content\/uploads\/2024\/10\/construction-equipments-04-contact.jpg","thumbnail-image-url":"https:\/\/websitedemos.net\/wp-content\/uploads\/2024\/10\/construction-equipments-04-contact-600x992.jpg","astra-page-api-url":"https:\/\/websitedemos.net\/construction-equipment-04\/wp-json\/wp\/v2\/pages\/591","dynamic-page":"no","astra-page-url":"\/\/websitedemos.net\/construction-equipment-04\/contact\/","astra-sites-tag":{"415":"contact"},"site-pages-type":"premium","site-pages-page-builder":"elementor","site-pages-category":[],"site-pages-parent-category":{"60":"business"},"required-plugins":[{"slug":"elementor","init":"elementor\/elementor.php","name":"Elementor"}]},"id-93104":{"title":"Home","featured-image-url":"https:\/\/websitedemos.net\/wp-content\/uploads\/2024\/10\/construction-equipments-04.jpg","thumbnail-image-url":"https:\/\/websitedemos.net\/wp-content\/uploads\/2024\/10\/construction-equipments-04-600x1646.jpg","astra-page-api-url":"https:\/\/websitedemos.net\/construction-equipment-04\/wp-json\/wp\/v2\/pages\/600","dynamic-page":"no","astra-page-url":"\/\/websitedemos.net\/construction-equipment-04\/","astra-sites-tag":{"423":"home"},"site-pages-type":"premium","site-pages-page-builder":"elementor","site-pages-category":[],"site-pages-parent-category":{"60":"business"},"required-plugins":[{"slug":"elementor","init":"elementor\/elementor.php","name":"Elementor"}]},"id-93105":{"title":"Industries","featured-image-url":"https:\/\/websitedemos.net\/wp-content\/uploads\/2024\/10\/construction-equipments-04-industries.jpg","thumbnail-image-url":"https:\/\/websitedemos.net\/wp-content\/uploads\/2024\/10\/construction-equipments-04-industries-600x863.jpg","astra-page-api-url":"https:\/\/websitedemos.net\/construction-equipment-04\/wp-json\/wp\/v2\/pages\/596","dynamic-page":"no","astra-page-url":"\/\/websitedemos.net\/construction-equipment-04\/industries\/","astra-sites-tag":{"493":"industries"},"site-pages-type":"premium","site-pages-page-builder":"elementor","site-pages-category":[],"site-pages-parent-category":{"60":"business"},"required-plugins":[{"slug":"elementor","init":"elementor\/elementor.php","name":"Elementor"}]},"id-93102":{"title":"About Us","featured-image-url":"https:\/\/websitedemos.net\/wp-content\/uploads\/2024\/10\/construction-equipments-04-about.jpg","thumbnail-image-url":"https:\/\/websitedemos.net\/wp-content\/uploads\/2024\/10\/construction-equipments-04-about-600x1526.jpg","astra-page-api-url":"https:\/\/websitedemos.net\/construction-equipment-04\/wp-json\/wp\/v2\/pages\/594","dynamic-page":"no","astra-page-url":"\/\/websitedemos.net\/construction-equipment-04\/about-us\/","astra-sites-tag":{"455":"about-us"},"site-pages-type":"premium","site-pages-page-builder":"elementor","site-pages-category":[],"site-pages-parent-category":{"60":"business"},"required-plugins":[{"slug":"elementor","init":"elementor\/elementor.php","name":"Elementor"}]},"id-93106":{"title":"Services","featured-image-url":"https:\/\/websitedemos.net\/wp-content\/uploads\/2024\/10\/construction-equipments-04-services.jpg","thumbnail-image-url":"https:\/\/websitedemos.net\/wp-content\/uploads\/2024\/10\/construction-equipments-04-services-600x1173.jpg","astra-page-api-url":"https:\/\/websitedemos.net\/construction-equipment-04\/wp-json\/wp\/v2\/pages\/598","dynamic-page":"no","astra-page-url":"\/\/websitedemos.net\/construction-equipment-04\/services\/","astra-sites-tag":{"2546":"construction-services"},"site-pages-type":"premium","site-pages-page-builder":"elementor","site-pages-category":[],"site-pages-parent-category":{"60":"business"},"required-plugins":[{"slug":"elementor","init":"elementor\/elementor.php","name":"Elementor"}]}},"related-bb-template":"","related-elementor-template":93101,"related-gutenberg-template":75040,"related_ecommerce_template":"","ecommerce_parent_template":""},"id-84975":{"title":"Language Tutors","id":84975,"publish-date":1702473877,"featured-image-url":"https:\/\/websitedemos.net\/wp-content\/uploads\/2023\/12\/language-tutors-02.jpg","thumbnail-image-url":"https:\/\/websitedemos.net\/wp-content\/uploads\/2023\/12\/language-tutors-02-600x2574.jpg","fullpage-thumbnail-image-url":"https:\/\/websitedemos.net\/wp-content\/uploads\/2023\/12\/language-tutors-02-400x1716.jpg","astra-site-url":"\/\/websitedemos.net\/language-tutors-02","astra-site-parent-id":3401,"astra-sites-tag":{"2747":"language","2749":"language-tutor","719":"online-coaching","466":"online-courses","975":"online-learning","2748":"tutor","720":"tutorials"},"astra-sites-type":"free","astra-site-category":{"27":"business","39":"free"},"astra-sites-template-category":{"2772":"education","2835":"elearning","2873":"tutor"},"astra-site-page-builder":"elementor","categories":{"3427":"default","2494":"elearning","3428":"free"},"required-plugins":[{"slug":"elementor","init":"elementor\/elementor.php","name":"Elementor"},{"slug":"wpforms-lite","init":"wpforms-lite\/wpforms.php","name":"WPForms Lite"},{"slug":"header-footer-elementor","init":"header-footer-elementor\/header-footer-elementor.php","name":"Ultimate Addons for Elementor Lite"}],"post-status":"publish","post-content":"<!-- wp:paragraph -->\n<p>The Language Tutor template has a smart, crisp look, with a large hero section and muted colors with a bold contrast color. It looks professional and is designed to help you showcase your language skills or promote a language school.<\/p>\n<!-- \/wp:paragraph -->\n\n<!-- wp:paragraph -->\n<p>The template features a natural color palette with pops of green and blue, which will be sure to make your website feel like a tranquil escape. The template has been carefully crafted to exhibit your services in the most elegant way possible.<\/p>\n<!-- \/wp:paragraph -->\n\n<!-- wp:heading -->\n<h2 class=\"wp-block-heading\"><strong>Key features of the Language Tutor template<\/strong><\/h2>\n<!-- \/wp:heading -->\n\n<!-- wp:list -->\n<ul><!-- wp:list-item -->\n<li>Inspired and inspiring website template<\/li>\n<!-- \/wp:list-item -->\n\n<!-- wp:list-item -->\n<li>Muted color palette with bold contrast color<\/li>\n<!-- \/wp:list-item -->\n\n<!-- wp:list-item -->\n<li>Includes all elements a typical language tutor needs<\/li>\n<!-- \/wp:list-item -->\n\n<!-- wp:list-item -->\n<li>Fully responsive and SEO friendly<\/li>\n<!-- \/wp:list-item -->\n\n<!-- wp:list-item -->\n<li>Compatible with leading page builders<\/li>\n<!-- \/wp:list-item --><\/ul>\n<!-- \/wp:list -->","post-excerpt":"Language Tutor template to help you share your knowledge with ease","pages":{"id-84979":{"title":"Home","featured-image-url":"https:\/\/websitedemos.net\/wp-content\/uploads\/2023\/12\/language-tutors-02.jpg","thumbnail-image-url":"https:\/\/websitedemos.net\/wp-content\/uploads\/2023\/12\/language-tutors-02-600x2574.jpg","astra-page-api-url":"https:\/\/websitedemos.net\/language-tutors-02\/wp-json\/wp\/v2\/pages\/5","dynamic-page":"no","astra-page-url":"\/\/websitedemos.net\/language-tutors-02\/","astra-sites-tag":{"423":"home"},"site-pages-type":"free","site-pages-page-builder":"elementor","site-pages-category":[],"site-pages-parent-category":{"60":"business","61":"free"},"required-plugins":[{"slug":"elementor","init":"elementor\/elementor.php","name":"Elementor"},{"slug":"header-footer-elementor","init":"header-footer-elementor\/header-footer-elementor.php","name":"Ultimate Addons for Elementor Lite"}]},"id-84976":{"title":"About","featured-image-url":"https:\/\/websitedemos.net\/wp-content\/uploads\/2023\/12\/language-tutors-02-about.jpg","thumbnail-image-url":"https:\/\/websitedemos.net\/wp-content\/uploads\/2023\/12\/language-tutors-02-about-600x1790.jpg","astra-page-api-url":"https:\/\/websitedemos.net\/language-tutors-02\/wp-json\/wp\/v2\/pages\/10","dynamic-page":"no","astra-page-url":"\/\/websitedemos.net\/language-tutors-02\/about\/","astra-sites-tag":{"352":"about"},"site-pages-type":"free","site-pages-page-builder":"elementor","site-pages-category":[],"site-pages-parent-category":{"60":"business","61":"free"},"required-plugins":[{"slug":"elementor","init":"elementor\/elementor.php","name":"Elementor"},{"slug":"header-footer-elementor","init":"header-footer-elementor\/header-footer-elementor.php","name":"Ultimate Addons for Elementor Lite"}]},"id-84978":{"title":"Courses","featured-image-url":"https:\/\/websitedemos.net\/wp-content\/uploads\/2023\/12\/language-tutors-02-courses.jpg","thumbnail-image-url":"https:\/\/websitedemos.net\/wp-content\/uploads\/2023\/12\/language-tutors-02-courses-600x1439.jpg","astra-page-api-url":"https:\/\/websitedemos.net\/language-tutors-02\/wp-json\/wp\/v2\/pages\/8","dynamic-page":"no","astra-page-url":"\/\/websitedemos.net\/language-tutors-02\/courses\/","astra-sites-tag":{"462":"courses"},"site-pages-type":"free","site-pages-page-builder":"elementor","site-pages-category":[],"site-pages-parent-category":{"60":"business","61":"free"},"required-plugins":[{"slug":"elementor","init":"elementor\/elementor.php","name":"Elementor"},{"slug":"header-footer-elementor","init":"header-footer-elementor\/header-footer-elementor.php","name":"Ultimate Addons for Elementor Lite"}]},"id-84980":{"title":"Our Teachers","featured-image-url":"https:\/\/websitedemos.net\/wp-content\/uploads\/2023\/12\/language-tutors-02-our-teacher.jpg","thumbnail-image-url":"https:\/\/websitedemos.net\/wp-content\/uploads\/2023\/12\/language-tutors-02-our-teacher-600x1709.jpg","astra-page-api-url":"https:\/\/websitedemos.net\/language-tutors-02\/wp-json\/wp\/v2\/pages\/133","dynamic-page":"no","astra-page-url":"\/\/websitedemos.net\/language-tutors-02\/our-teachers\/","astra-sites-tag":{"2751":"our-teachers"},"site-pages-type":"free","site-pages-page-builder":"elementor","site-pages-category":[],"site-pages-parent-category":{"60":"business","61":"free"},"required-plugins":[{"slug":"elementor","init":"elementor\/elementor.php","name":"Elementor"},{"slug":"header-footer-elementor","init":"header-footer-elementor\/header-footer-elementor.php","name":"Ultimate Addons for Elementor Lite"}]},"id-84977":{"title":"Contact","featured-image-url":"https:\/\/websitedemos.net\/wp-content\/uploads\/2023\/12\/language-tutors-02-contact.jpg","thumbnail-image-url":"https:\/\/websitedemos.net\/wp-content\/uploads\/2023\/12\/language-tutors-02-contact-600x1267.jpg","astra-page-api-url":"https:\/\/websitedemos.net\/language-tutors-02\/wp-json\/wp\/v2\/pages\/12","dynamic-page":"no","astra-page-url":"\/\/websitedemos.net\/language-tutors-02\/contact\/","astra-sites-tag":{"415":"contact"},"site-pages-type":"free","site-pages-page-builder":"elementor","site-pages-category":[],"site-pages-parent-category":{"60":"business","61":"free"},"required-plugins":[{"slug":"elementor","init":"elementor\/elementor.php","name":"Elementor"},{"slug":"header-footer-elementor","init":"header-footer-elementor\/header-footer-elementor.php","name":"Ultimate Addons for Elementor Lite"},{"slug":"wpforms-lite","init":"wpforms-lite\/wpforms.php","name":"WPForms Lite"}]}},"related-bb-template":60460,"related-elementor-template":84975,"related-gutenberg-template":71341,"related_ecommerce_template":"","ecommerce_parent_template":""},"id-93127":{"title":"Homestay","id":93127,"publish-date":1727866504,"featured-image-url":"https:\/\/websitedemos.net\/wp-content\/uploads\/2024\/10\/homestays-04.jpg","thumbnail-image-url":"https:\/\/websitedemos.net\/wp-content\/uploads\/2024\/10\/homestays-04-600x1992.jpg","fullpage-thumbnail-image-url":"https:\/\/websitedemos.net\/wp-content\/uploads\/2024\/10\/homestays-04-400x1328.jpg","astra-site-url":"\/\/websitedemos.net\/homestay-04","astra-site-parent-id":3629,"astra-sites-tag":{"2200":"apartment","2202":"bed-and-breakfast","1534":"bnb","2191":"budget-stay","2189":"guest-house","2188":"home-stay","2194":"hostels","350":"hotel","712":"lodge","2190":"lodging-house","2195":"stay"},"astra-sites-type":"premium","astra-site-category":{"27":"business"},"astra-sites-template-category":{"2777":"business","2788":"hotel-bnb","2775":"travel-tourism"},"astra-site-page-builder":"elementor","categories":{"3427":"default","2498":"hotel-travel","3429":"premium"},"required-plugins":[{"slug":"elementor","init":"elementor\/elementor.php","name":"Elementor"}],"post-status":"publish","post-content":"<!-- wp:paragraph -->\n<p>The Homestay template has a relaxed vibe reminiscent of a Caribbean getaway or somewhere tropical. It\u2019s chilled, inviting and delivers exactly the kind of feel that helps convert visitors into guests.<\/p>\n<!-- \/wp:paragraph -->\n\n<!-- wp:paragraph -->\n<p>It\u2019s a light fullscreen template that flows amazingly well and encourages you to follow the story down the page. Colors are great, typography is on point and there are lots of areas to promote your property. You can change anything you like using built-in tools so it\u2019s easy to create something completely unique.<\/p>\n<!-- \/wp:paragraph -->\n\n<!-- wp:heading -->\n<h2 class=\"wp-block-heading\">Key features of the Homestay template<\/h2>\n<!-- \/wp:heading -->\n\n<!-- wp:list -->\n<ul class=\"wp-block-list\"><!-- wp:list-item -->\n<li>Calm, relaxed feel ideal for vacation properties<\/li>\n<!-- \/wp:list-item -->\n\n<!-- wp:list-item -->\n<li>Lots of areas to show off your property and encourage bookings<\/li>\n<!-- \/wp:list-item -->\n\n<!-- wp:list-item -->\n<li>Fully customizable using built-in tools<\/li>\n<!-- \/wp:list-item -->\n\n<!-- wp:list-item -->\n<li>SEO friendly and fully responsive<\/li>\n<!-- \/wp:list-item -->\n\n<!-- wp:list-item -->\n<li>Full compatibility with leading page builders<\/li>\n<!-- \/wp:list-item --><\/ul>\n<!-- \/wp:list -->","post-excerpt":"The Homestay template is ideal for cozy guesthouses, vacation rentals, and family-run homestays.","pages":{"id-93129":{"title":"Amenities","featured-image-url":"https:\/\/websitedemos.net\/wp-content\/uploads\/2024\/10\/homestays-04-amenities.jpg","thumbnail-image-url":"https:\/\/websitedemos.net\/wp-content\/uploads\/2024\/10\/homestays-04-amenities-600x1114.jpg","astra-page-api-url":"https:\/\/websitedemos.net\/homestay-04\/wp-json\/wp\/v2\/pages\/734","dynamic-page":"no","astra-page-url":"\/\/websitedemos.net\/homestay-04\/amenities\/","astra-sites-tag":{"777":"amenities"},"site-pages-type":"premium","site-pages-page-builder":"elementor","site-pages-category":[],"site-pages-parent-category":{"60":"business"},"required-plugins":[{"slug":"elementor","init":"elementor\/elementor.php","name":"Elementor"}]},"id-93130":{"title":"Contact","featured-image-url":"https:\/\/websitedemos.net\/wp-content\/uploads\/2024\/10\/homestays-04-contact.jpg","thumbnail-image-url":"https:\/\/websitedemos.net\/wp-content\/uploads\/2024\/10\/homestays-04-contact-600x817.jpg","astra-page-api-url":"https:\/\/websitedemos.net\/homestay-04\/wp-json\/wp\/v2\/pages\/736","dynamic-page":"no","astra-page-url":"\/\/websitedemos.net\/homestay-04\/contact\/","astra-sites-tag":{"415":"contact"},"site-pages-type":"premium","site-pages-page-builder":"elementor","site-pages-category":[],"site-pages-parent-category":{"60":"business"},"required-plugins":[{"slug":"elementor","init":"elementor\/elementor.php","name":"Elementor"}]},"id-93131":{"title":"Home","featured-image-url":"https:\/\/websitedemos.net\/wp-content\/uploads\/2024\/10\/homestays-04.jpg","thumbnail-image-url":"https:\/\/websitedemos.net\/wp-content\/uploads\/2024\/10\/homestays-04-600x1992.jpg","astra-page-api-url":"https:\/\/websitedemos.net\/homestay-04\/wp-json\/wp\/v2\/pages\/732","dynamic-page":"no","astra-page-url":"\/\/websitedemos.net\/homestay-04\/","astra-sites-tag":{"423":"home"},"site-pages-type":"premium","site-pages-page-builder":"elementor","site-pages-category":[],"site-pages-parent-category":{"60":"business"},"required-plugins":[{"slug":"elementor","init":"elementor\/elementor.php","name":"Elementor"}]},"id-93132":{"title":"Rooms","featured-image-url":"https:\/\/websitedemos.net\/wp-content\/uploads\/2024\/10\/homestays-04-rooms.jpg","thumbnail-image-url":"https:\/\/websitedemos.net\/wp-content\/uploads\/2024\/10\/homestays-04-rooms-600x1237.jpg","astra-page-api-url":"https:\/\/websitedemos.net\/homestay-04\/wp-json\/wp\/v2\/pages\/733","dynamic-page":"no","astra-page-url":"\/\/websitedemos.net\/homestay-04\/rooms\/","astra-sites-tag":{"715":"rooms"},"site-pages-type":"premium","site-pages-page-builder":"elementor","site-pages-category":[],"site-pages-parent-category":{"60":"business"},"required-plugins":[{"slug":"elementor","init":"elementor\/elementor.php","name":"Elementor"}]},"id-93128":{"title":"About","featured-image-url":"https:\/\/websitedemos.net\/wp-content\/uploads\/2024\/10\/homestays-04-ourstory.jpg","thumbnail-image-url":"https:\/\/websitedemos.net\/wp-content\/uploads\/2024\/10\/homestays-04-ourstory-600x1030.jpg","astra-page-api-url":"https:\/\/websitedemos.net\/homestay-04\/wp-json\/wp\/v2\/pages\/735","dynamic-page":"no","astra-page-url":"\/\/websitedemos.net\/homestay-04\/about\/","astra-sites-tag":{"352":"about"},"site-pages-type":"premium","site-pages-page-builder":"elementor","site-pages-category":[],"site-pages-parent-category":{"60":"business"},"required-plugins":[{"slug":"elementor","init":"elementor\/elementor.php","name":"Elementor"}]}},"related-bb-template":"","related-elementor-template":93127,"related-gutenberg-template":86130,"related_ecommerce_template":"","ecommerce_parent_template":""},"id-60407":{"title":"Digital Download Store","id":60407,"publish-date":1701885694,"featured-image-url":"https:\/\/websitedemos.net\/wp-content\/uploads\/2022\/04\/digital-download-store-02.jpg","thumbnail-image-url":"https:\/\/websitedemos.net\/wp-content\/uploads\/2022\/04\/digital-download-store-02-600x4132.jpg","fullpage-thumbnail-image-url":"https:\/\/websitedemos.net\/wp-content\/uploads\/2022\/04\/digital-download-store-02-400x2754.jpg","astra-site-url":"\/\/websitedemos.net\/digital-download-store-02","astra-site-parent-id":2719,"astra-sites-tag":{"2720":"digital","2724":"digital-download","496":"ecommerce","1817":"ecommerce-store","3416":"elementor","383":"online-store","2722":"plugin","967":"product-store","749":"store","2721":"theme","1024":"woocommerce","2723":"wordpress"},"astra-sites-type":"free","astra-site-category":{"38":"ecommerce","39":"free"},"astra-sites-template-category":{"2769":"ecommerce","2835":"elearning","2857":"online-shopping"},"astra-site-page-builder":"elementor","categories":{"3427":"default","2495":"ecommerce","3428":"free","2499":"technology"},"required-plugins":[{"slug":"easy-digital-downloads","init":"easy-digital-downloads\/easy-digital-downloads.php","name":"Easy Digital Downloads"},{"slug":"elementor","init":"elementor\/elementor.php","name":"Elementor"},{"slug":"wpforms-lite","init":"wpforms-lite\/wpforms.php","name":"WPForms Lite"},{"slug":"header-footer-elementor","init":"header-footer-elementor\/header-footer-elementor.php","name":"Ultimate Addons for Elementor Lite"}],"post-status":"publish","post-content":"<!-- wp:paragraph -->\n<p>The Digital Download Store template is a crisp, clean design with engaging colors and images and all the ingredients an online store needs. It has a compelling hero section with call to action, trust signals above the fold and lots of space to showcase your products.<\/p>\n<!-- \/wp:paragraph -->\n\n<!-- wp:paragraph -->\n<p>Product pages are simple and attractive, designed to let the product shine and convert customers. Cart pages, the checkout page, contact form and all supplementary pages reflect the clean design with minimum distractions.<\/p>\n<!-- \/wp:paragraph -->\n\n<!-- wp:heading -->\n<h2 class=\"wp-block-heading\"><strong>Key features of the Digital Download Store template<\/strong><\/h2>\n<!-- \/wp:heading -->\n\n<!-- wp:list -->\n<ul><!-- wp:list-item -->\n<li>Clean modern design for eCommerce stores<\/li>\n<!-- \/wp:list-item -->\n\n<!-- wp:list-item -->\n<li>Supports digital downloads and physical products<\/li>\n<!-- \/wp:list-item -->\n\n<!-- wp:list-item -->\n<li>Attractive product pages<\/li>\n<!-- \/wp:list-item -->\n\n<!-- wp:list-item -->\n<li>Exceptional customer journey throughout the store<\/li>\n<!-- \/wp:list-item -->\n\n<!-- wp:list-item -->\n<li>Full compatibility with leading page builders<\/li>\n<!-- \/wp:list-item --><\/ul>\n<!-- \/wp:list -->","post-excerpt":"The Digital Download Store template is a high performance design for eCommerce stores. ","pages":{"id-92650":{"title":"Cart","featured-image-url":"","thumbnail-image-url":"","astra-page-api-url":"https:\/\/websitedemos.net\/digital-download-store-02\/wp-json\/wp\/v2\/pages\/1349","dynamic-page":"no","astra-page-url":"\/\/websitedemos.net\/digital-download-store-02\/cart\/","astra-sites-tag":[],"site-pages-type":"free","site-pages-page-builder":"gutenberg","site-pages-category":[],"site-pages-parent-category":{"64":"ecommerce","61":"free"},"required-plugins":""},"id-92651":{"title":"Checkout","featured-image-url":"","thumbnail-image-url":"","astra-page-api-url":"https:\/\/websitedemos.net\/digital-download-store-02\/wp-json\/wp\/v2\/pages\/1350","dynamic-page":"no","astra-page-url":"\/\/websitedemos.net\/digital-download-store-02\/checkout-2\/","astra-sites-tag":[],"site-pages-type":"free","site-pages-page-builder":"gutenberg","site-pages-category":[],"site-pages-parent-category":{"64":"ecommerce","61":"free"},"required-plugins":""},"id-92652":{"title":"My account","featured-image-url":"","thumbnail-image-url":"","astra-page-api-url":"https:\/\/websitedemos.net\/digital-download-store-02\/wp-json\/wp\/v2\/pages\/1351","dynamic-page":"no","astra-page-url":"\/\/websitedemos.net\/digital-download-store-02\/my-account\/","astra-sites-tag":[],"site-pages-type":"free","site-pages-page-builder":"gutenberg","site-pages-category":[],"site-pages-parent-category":{"64":"ecommerce","61":"free"},"required-plugins":""},"id-92653":{"title":"Shop","featured-image-url":"","thumbnail-image-url":"","astra-page-api-url":"https:\/\/websitedemos.net\/digital-download-store-02\/wp-json\/wp\/v2\/pages\/1348","dynamic-page":"no","astra-page-url":"\/\/websitedemos.net\/digital-download-store-02\/shop\/","astra-sites-tag":[],"site-pages-type":"free","site-pages-page-builder":"gutenberg","site-pages-category":[],"site-pages-parent-category":{"64":"ecommerce","61":"free"},"required-plugins":""},"id-60410":{"title":"Home","featured-image-url":"https:\/\/websitedemos.net\/wp-content\/uploads\/2022\/04\/digital-download-store-02.jpg","thumbnail-image-url":"https:\/\/websitedemos.net\/wp-content\/uploads\/2022\/04\/digital-download-store-02-600x4132.jpg","astra-page-api-url":"https:\/\/websitedemos.net\/digital-download-store-02\/wp-json\/wp\/v2\/pages\/49","dynamic-page":"yes","astra-page-url":"\/\/websitedemos.net\/digital-download-store-02\/","astra-sites-tag":{"2720":"digital","2724":"digital-download","664":"digital-services","496":"ecommerce","1817":"ecommerce-store","423":"home","814":"homepage","383":"online-store","2722":"plugin","967":"product-store","749":"store","2721":"theme","2723":"wordpress"},"site-pages-type":"free","site-pages-page-builder":"elementor","site-pages-category":[],"site-pages-parent-category":{"64":"ecommerce","61":"free"},"required-plugins":[{"slug":"easy-digital-downloads","init":"easy-digital-downloads\/easy-digital-downloads.php","name":"Easy Digital Downloads"},{"slug":"elementor","init":"elementor\/elementor.php","name":"Elementor"}]},"id-60408":{"title":"About","featured-image-url":"https:\/\/websitedemos.net\/wp-content\/uploads\/2022\/04\/digital-download-store-about-02.jpg","thumbnail-image-url":"https:\/\/websitedemos.net\/wp-content\/uploads\/2022\/04\/digital-download-store-about-02-600x2112.jpg","astra-page-api-url":"https:\/\/websitedemos.net\/digital-download-store-02\/wp-json\/wp\/v2\/pages\/550","dynamic-page":"no","astra-page-url":"\/\/websitedemos.net\/digital-download-store-02\/about\/","astra-sites-tag":{"352":"about","455":"about-us","2720":"digital","2724":"digital-download","664":"digital-services","496":"ecommerce","1817":"ecommerce-store","383":"online-store","2722":"plugin","967":"product-store","749":"store","2721":"theme","628":"what-we-do","1542":"what-we-offer","2723":"wordpress"},"site-pages-type":"free","site-pages-page-builder":"elementor","site-pages-category":[],"site-pages-parent-category":{"64":"ecommerce","61":"free"},"required-plugins":[{"slug":"elementor","init":"elementor\/elementor.php","name":"Elementor"},{"slug":"header-footer-elementor","init":"header-footer-elementor\/header-footer-elementor.php","name":"Ultimate Addons for Elementor Lite"}]},"id-60409":{"title":"Contact","featured-image-url":"https:\/\/websitedemos.net\/wp-content\/uploads\/2022\/04\/digital-download-store-contact-02.jpg","thumbnail-image-url":"https:\/\/websitedemos.net\/wp-content\/uploads\/2022\/04\/digital-download-store-contact-02-600x1290.jpg","astra-page-api-url":"https:\/\/websitedemos.net\/digital-download-store-02\/wp-json\/wp\/v2\/pages\/682","dynamic-page":"no","astra-page-url":"\/\/websitedemos.net\/digital-download-store-02\/contact\/","astra-sites-tag":{"415":"contact","454":"contact-us","2720":"digital","2724":"digital-download","664":"digital-services","496":"ecommerce","1817":"ecommerce-store","383":"online-store","2722":"plugin","967":"product-store","749":"store","2721":"theme","2723":"wordpress"},"site-pages-type":"free","site-pages-page-builder":"elementor","site-pages-category":[],"site-pages-parent-category":{"64":"ecommerce","61":"free"},"required-plugins":[{"slug":"elementor","init":"elementor\/elementor.php","name":"Elementor"},{"slug":"wpforms-lite","init":"wpforms-lite\/wpforms.php","name":"WPForms Lite"}]}},"related-bb-template":"","related-elementor-template":60407,"related-gutenberg-template":95504,"related_ecommerce_template":"","ecommerce_parent_template":""},"id-72529":{"title":"Web Developer Portfolio","id":72529,"publish-date":1679309020,"featured-image-url":"https:\/\/websitedemos.net\/wp-content\/uploads\/2023\/02\/web-developer-portfolio-04.jpg","thumbnail-image-url":"https:\/\/websitedemos.net\/wp-content\/uploads\/2023\/02\/web-developer-portfolio-04-600x2508.jpg","fullpage-thumbnail-image-url":"https:\/\/websitedemos.net\/wp-content\/uploads\/2023\/02\/web-developer-portfolio-04-400x1672.jpg","astra-site-url":"\/\/websitedemos.net\/web-developer-portfolio-04","astra-site-parent-id":3121,"astra-sites-tag":{"3112":"developer","3416":"elementor","1020":"personal","3124":"personal-portfolio","1903":"personal-website","444":"portfolio","1844":"premium","3123":"web","3122":"web-developer","3111":"webdesigner","3106":"webdeveloper","3107":"webdevelopment"},"astra-sites-type":"agency-mini","astra-site-category":{"27":"business"},"astra-sites-template-category":{"2770":"personal","2768":"portfolio"},"astra-site-page-builder":"elementor","categories":{"3430":"dark","3427":"default","2488":"portfolio","3429":"premium"},"required-plugins":[{"slug":"elementor","init":"elementor\/elementor.php","name":"Elementor"},{"slug":"ultimate-elementor","init":"ultimate-elementor\/ultimate-elementor.php","name":"Ultimate Addons for Elementor"},{"slug":"wpforms-lite","init":"wpforms-lite\/wpforms.php","name":"WPForms Lite"}],"post-status":"publish","post-content":"<!-- wp:paragraph -->\n<p>The Web Developer Portfolio template is a stylish dark design designed to communicate your skills immediately with stylized animation, code-like typography, and simple colors. There\u2019s instant recognition with this template that would work amazingly well to showcase your work.<\/p>\n<!-- \/wp:paragraph -->\n\n<!-- wp:paragraph -->\n<p>The template includes essential portfolio elements such as support for images, video, and audio. It also comes with readymade pages for your portfolio, services, resume, and biography so you can be up and running in no time.<\/p>\n<!-- \/wp:paragraph -->\n\n<!-- wp:heading -->\n<h2>Key features of the Web Developer Portfolio template<\/h2>\n<!-- \/wp:heading -->\n\n<!-- wp:list -->\n<ul><!-- wp:list-item -->\n<li>Stylized website theme ideal for the niche<\/li>\n<!-- \/wp:list-item -->\n\n<!-- wp:list-item -->\n<li>Smart animations to draw attention and engage<\/li>\n<!-- \/wp:list-item -->\n\n<!-- wp:list-item -->\n<li>Immediately reminiscent of code and development without being over the top<\/li>\n<!-- \/wp:list-item -->\n\n<!-- wp:list-item -->\n<li>Includes essential pages ideal for portfolios<\/li>\n<!-- \/wp:list-item -->\n\n<!-- wp:list-item -->\n<li>Full compatibility with leading page builders<\/li>\n<!-- \/wp:list-item --><\/ul>\n<!-- \/wp:list -->","post-excerpt":"The Web Developer Portfolio template is perfect for anyone who works with code","pages":{"id-72532":{"title":"_home","featured-image-url":"https:\/\/websitedemos.net\/wp-content\/uploads\/2023\/02\/web-developer-portfolio-04.jpg","thumbnail-image-url":"https:\/\/websitedemos.net\/wp-content\/uploads\/2023\/02\/web-developer-portfolio-04-600x2508.jpg","astra-page-api-url":"https:\/\/websitedemos.net\/web-developer-portfolio-04\/wp-json\/wp\/v2\/pages\/17","dynamic-page":"no","astra-page-url":"\/\/websitedemos.net\/web-developer-portfolio-04\/","astra-sites-tag":{"423":"home"},"site-pages-type":"agency-mini","site-pages-page-builder":"elementor","site-pages-category":[],"site-pages-parent-category":{"60":"business"},"required-plugins":[{"slug":"elementor","init":"elementor\/elementor.php","name":"Elementor"},{"slug":"ultimate-elementor","init":"ultimate-elementor\/ultimate-elementor.php","name":"Ultimate Addons for Elementor"},{"slug":"wpforms-lite","init":"wpforms-lite\/wpforms.php","name":"WPForms Lite"}]},"id-72530":{"title":"_about","featured-image-url":"https:\/\/websitedemos.net\/wp-content\/uploads\/2023\/02\/web-developer-portfolio-04-about.jpg","thumbnail-image-url":"https:\/\/websitedemos.net\/wp-content\/uploads\/2023\/02\/web-developer-portfolio-04-about-600x1452.jpg","astra-page-api-url":"https:\/\/websitedemos.net\/web-developer-portfolio-04\/wp-json\/wp\/v2\/pages\/11","dynamic-page":"no","astra-page-url":"\/\/websitedemos.net\/web-developer-portfolio-04\/about\/","astra-sites-tag":{"352":"about"},"site-pages-type":"agency-mini","site-pages-page-builder":"elementor","site-pages-category":[],"site-pages-parent-category":{"60":"business"},"required-plugins":[{"slug":"elementor","init":"elementor\/elementor.php","name":"Elementor"},{"slug":"ultimate-elementor","init":"ultimate-elementor\/ultimate-elementor.php","name":"Ultimate Addons for Elementor"},{"slug":"wpforms-lite","init":"wpforms-lite\/wpforms.php","name":"WPForms Lite"}]},"id-72535":{"title":"_services","featured-image-url":"https:\/\/websitedemos.net\/wp-content\/uploads\/2023\/02\/web-developer-portfolio-04-services.jpg","thumbnail-image-url":"https:\/\/websitedemos.net\/wp-content\/uploads\/2023\/02\/web-developer-portfolio-04-services-600x788.jpg","astra-page-api-url":"https:\/\/websitedemos.net\/web-developer-portfolio-04\/wp-json\/wp\/v2\/pages\/23","dynamic-page":"no","astra-page-url":"\/\/websitedemos.net\/web-developer-portfolio-04\/services\/","astra-sites-tag":{"425":"services"},"site-pages-type":"agency-mini","site-pages-page-builder":"elementor","site-pages-category":[],"site-pages-parent-category":{"60":"business"},"required-plugins":[{"slug":"elementor","init":"elementor\/elementor.php","name":"Elementor"},{"slug":"ultimate-elementor","init":"ultimate-elementor\/ultimate-elementor.php","name":"Ultimate Addons for Elementor"},{"slug":"wpforms-lite","init":"wpforms-lite\/wpforms.php","name":"WPForms Lite"}]},"id-72533":{"title":"_portfolio","featured-image-url":"https:\/\/websitedemos.net\/wp-content\/uploads\/2023\/02\/web-developer-portfolio-04-portfolio.jpg","thumbnail-image-url":"https:\/\/websitedemos.net\/wp-content\/uploads\/2023\/02\/web-developer-portfolio-04-portfolio-600x2195.jpg","astra-page-api-url":"https:\/\/websitedemos.net\/web-developer-portfolio-04\/wp-json\/wp\/v2\/pages\/19","dynamic-page":"no","astra-page-url":"\/\/websitedemos.net\/web-developer-portfolio-04\/portfolio\/","astra-sites-tag":{"444":"portfolio"},"site-pages-type":"agency-mini","site-pages-page-builder":"elementor","site-pages-category":[],"site-pages-parent-category":{"60":"business"},"required-plugins":[{"slug":"elementor","init":"elementor\/elementor.php","name":"Elementor"},{"slug":"ultimate-elementor","init":"ultimate-elementor\/ultimate-elementor.php","name":"Ultimate Addons for Elementor"},{"slug":"wpforms-lite","init":"wpforms-lite\/wpforms.php","name":"WPForms Lite"}]},"id-72534":{"title":"_resume","featured-image-url":"https:\/\/websitedemos.net\/wp-content\/uploads\/2023\/02\/web-developer-portfolio-04-resume.jpg","thumbnail-image-url":"https:\/\/websitedemos.net\/wp-content\/uploads\/2023\/02\/web-developer-portfolio-04-resume-600x1506.jpg","astra-page-api-url":"https:\/\/websitedemos.net\/web-developer-portfolio-04\/wp-json\/wp\/v2\/pages\/21","dynamic-page":"no","astra-page-url":"\/\/websitedemos.net\/web-developer-portfolio-04\/resume\/","astra-sites-tag":{"2153":"resume"},"site-pages-type":"agency-mini","site-pages-page-builder":"elementor","site-pages-category":[],"site-pages-parent-category":{"60":"business"},"required-plugins":[{"slug":"elementor","init":"elementor\/elementor.php","name":"Elementor"},{"slug":"ultimate-elementor","init":"ultimate-elementor\/ultimate-elementor.php","name":"Ultimate Addons for Elementor"},{"slug":"wpforms-lite","init":"wpforms-lite\/wpforms.php","name":"WPForms Lite"}]},"id-72531":{"title":"_contact","featured-image-url":"https:\/\/websitedemos.net\/wp-content\/uploads\/2023\/02\/web-developer-portfolio-04-contact.jpg","thumbnail-image-url":"https:\/\/websitedemos.net\/wp-content\/uploads\/2023\/02\/web-developer-portfolio-04-contact-600x793.jpg","astra-page-api-url":"https:\/\/websitedemos.net\/web-developer-portfolio-04\/wp-json\/wp\/v2\/pages\/15","dynamic-page":"no","astra-page-url":"\/\/websitedemos.net\/web-developer-portfolio-04\/contact\/","astra-sites-tag":{"415":"contact"},"site-pages-type":"agency-mini","site-pages-page-builder":"elementor","site-pages-category":[],"site-pages-parent-category":{"60":"business"},"required-plugins":[{"slug":"elementor","init":"elementor\/elementor.php","name":"Elementor"},{"slug":"ultimate-elementor","init":"ultimate-elementor\/ultimate-elementor.php","name":"Ultimate Addons for Elementor"},{"slug":"wpforms-lite","init":"wpforms-lite\/wpforms.php","name":"WPForms Lite"}]}},"related-bb-template":"","related-elementor-template":72529,"related-gutenberg-template":74746,"related_ecommerce_template":"","ecommerce_parent_template":""},"id-60361":{"title":"Home and Garden Decor","id":60361,"publish-date":1700650547,"featured-image-url":"https:\/\/websitedemos.net\/wp-content\/uploads\/2022\/04\/home-garden-decor-02.jpg","thumbnail-image-url":"https:\/\/websitedemos.net\/wp-content\/uploads\/2022\/04\/home-garden-decor-02-600x2687.jpg","fullpage-thumbnail-image-url":"https:\/\/websitedemos.net\/wp-content\/uploads\/2022\/04\/home-garden-decor-02-400x1791.jpg","astra-site-url":"\/\/websitedemos.net\/home-garden-decor-02","astra-site-parent-id":2704,"astra-sites-tag":{"496":"ecommerce","1817":"ecommerce-store","3416":"elementor","416":"garden-care","421":"garden-maintenance","420":"gardening","423":"home","862":"home-decor","1024":"woocommerce"},"astra-sites-type":"free","astra-site-category":{"38":"ecommerce","39":"free"},"astra-sites-template-category":{"2777":"business","2769":"ecommerce","2853":"florist-gardening"},"astra-site-page-builder":"elementor","categories":{"3427":"default","2495":"ecommerce","3428":"free","2476":"gardening"},"required-plugins":[{"slug":"elementor","init":"elementor\/elementor.php","name":"Elementor"},{"slug":"woocommerce","init":"woocommerce\/woocommerce.php","name":"WooCommerce"},{"slug":"wpforms-lite","init":"wpforms-lite\/wpforms.php","name":"WPForms Lite"},{"slug":"header-footer-elementor","init":"header-footer-elementor\/header-footer-elementor.php","name":"Ultimate Addons for Elementor Lite"},{"slug":"woocommerce-payments","init":"woocommerce-payments\/woocommerce-payments.php","name":"WooPayments"},{"slug":"cartflows","init":"cartflows\/cartflows.php","name":"CartFlows"},{"slug":"woo-cart-abandonment-recovery","init":"woo-cart-abandonment-recovery\/woo-cart-abandonment-recovery.php","name":"WooCommerce Cart Abandonment Recovery"}],"post-status":"publish","post-content":"<!-- wp:paragraph -->\n<p>The Home &amp; Garden D\u00e9cor template has a flat, modern feel with lots of whitespace, great colors and lots of opportunities to build a high conversion online store. The content blocks deliver lots of opportunities to showcase products, special offers and calls to action.<\/p>\n<!-- \/wp:paragraph -->\n\n<!-- wp:paragraph -->\n<p>The fully responsive template also includes attractive product pages, an effective cart page and a frictionless checkout page ready to sell. It looks amazing as it is but you can change everything you see using free tools.<\/p>\n<!-- \/wp:paragraph -->\n\n<!-- wp:heading -->\n<h2 class=\"wp-block-heading\"><strong>Key features of the Home &amp; Garden D\u00e9cor template<\/strong><\/h2>\n<!-- \/wp:heading -->\n\n<!-- wp:list -->\n<ul><!-- wp:list-item -->\n<li>Elegant eCommerce store template for home or garden<\/li>\n<!-- \/wp:list-item -->\n\n<!-- wp:list-item -->\n<li>Calm colors and welcoming layout<\/li>\n<!-- \/wp:list-item -->\n\n<!-- wp:list-item -->\n<li>Effective product, cart and checkout pages<\/li>\n<!-- \/wp:list-item -->\n\n<!-- wp:list-item -->\n<li>Customize everything you see on the page<\/li>\n<!-- \/wp:list-item -->\n\n<!-- wp:list-item -->\n<li>Full compatibility with leading page builders<\/li>\n<!-- \/wp:list-item --><\/ul>\n<!-- \/wp:list -->","post-excerpt":"Transform your living space into a sanctuary with our curated collection of exquisite home decor.","pages":{"id-60364":{"title":"Home","featured-image-url":"https:\/\/websitedemos.net\/wp-content\/uploads\/2022\/04\/home-garden-decor-02-1.jpg","thumbnail-image-url":"https:\/\/websitedemos.net\/wp-content\/uploads\/2022\/04\/home-garden-decor-02-1-600x2687.jpg","astra-page-api-url":"https:\/\/websitedemos.net\/home-garden-decor-02\/wp-json\/wp\/v2\/pages\/13","dynamic-page":"yes","astra-page-url":"\/\/websitedemos.net\/home-garden-decor-02\/","astra-sites-tag":{"496":"ecommerce","416":"garden-care","420":"gardening","2705":"gardening-plants","423":"home","862":"home-decor"},"site-pages-type":"free","site-pages-page-builder":"elementor","site-pages-category":[],"site-pages-parent-category":{"64":"ecommerce","61":"free"},"required-plugins":[{"slug":"elementor","init":"elementor\/elementor.php","name":"Elementor"},{"slug":"header-footer-elementor","init":"header-footer-elementor\/header-footer-elementor.php","name":"Ultimate Addons for Elementor Lite"},{"slug":"woocommerce","init":"woocommerce\/woocommerce.php","name":"WooCommerce"},{"slug":"woocommerce-payments","init":"woocommerce-payments\/woocommerce-payments.php","name":"WooPayments"}]},"id-60362":{"title":"About","featured-image-url":"https:\/\/websitedemos.net\/wp-content\/uploads\/2022\/04\/home-garden-decor-02-about.jpg","thumbnail-image-url":"https:\/\/websitedemos.net\/wp-content\/uploads\/2022\/04\/home-garden-decor-02-about-600x1274.jpg","astra-page-api-url":"https:\/\/websitedemos.net\/home-garden-decor-02\/wp-json\/wp\/v2\/pages\/103","dynamic-page":"no","astra-page-url":"\/\/websitedemos.net\/home-garden-decor-02\/about\/","astra-sites-tag":{"352":"about","455":"about-us","496":"ecommerce","420":"gardening","862":"home-decor","1024":"woocommerce"},"site-pages-type":"free","site-pages-page-builder":"elementor","site-pages-category":[],"site-pages-parent-category":{"64":"ecommerce","61":"free"},"required-plugins":[{"slug":"elementor","init":"elementor\/elementor.php","name":"Elementor"},{"slug":"header-footer-elementor","init":"header-footer-elementor\/header-footer-elementor.php","name":"Ultimate Addons for Elementor Lite"}]},"id-60363":{"title":"Contact","featured-image-url":"https:\/\/websitedemos.net\/wp-content\/uploads\/2022\/04\/home-garden-decor-02-contact.jpg","thumbnail-image-url":"https:\/\/websitedemos.net\/wp-content\/uploads\/2022\/04\/home-garden-decor-02-contact-600x744.jpg","astra-page-api-url":"https:\/\/websitedemos.net\/home-garden-decor-02\/wp-json\/wp\/v2\/pages\/108","dynamic-page":"no","astra-page-url":"\/\/websitedemos.net\/home-garden-decor-02\/contact\/","astra-sites-tag":{"415":"contact","454":"contact-us","496":"ecommerce","416":"garden-care","420":"gardening","862":"home-decor"},"site-pages-type":"free","site-pages-page-builder":"elementor","site-pages-category":[],"site-pages-parent-category":{"64":"ecommerce","61":"free"},"required-plugins":[{"slug":"elementor","init":"elementor\/elementor.php","name":"Elementor"},{"slug":"wpforms-lite","init":"wpforms-lite\/wpforms.php","name":"WPForms Lite"}]}},"related-bb-template":60181,"related-elementor-template":60361,"related-gutenberg-template":69655,"related_ecommerce_template":"","ecommerce_parent_template":""},"id-93049":{"title":"Pub &amp; Lounge","id":93049,"publish-date":1727806626,"featured-image-url":"https:\/\/websitedemos.net\/wp-content\/uploads\/2024\/10\/pub-and-lounges-04.jpg","thumbnail-image-url":"https:\/\/websitedemos.net\/wp-content\/uploads\/2024\/10\/pub-and-lounges-04-600x2165.jpg","fullpage-thumbnail-image-url":"https:\/\/websitedemos.net\/wp-content\/uploads\/2024\/10\/pub-and-lounges-04-400x1443.jpg","astra-site-url":"\/\/websitedemos.net\/pub-and-lounge-04","astra-site-parent-id":3626,"astra-sites-tag":{"2009":"bar-room","2007":"barbeque-restaurant","2010":"beer-bar","1988":"beer-joint","562":"bistro","635":"brewery","1989":"cocktail-lounge","1965":"drink","350":"hotel","657":"lounge","1983":"pub","2008":"pub-and-bar","335":"restaurant"},"astra-sites-type":"premium","astra-site-category":{"27":"business"},"astra-sites-template-category":{"2769":"ecommerce","2785":"food","2776":"restaurant","2813":"winery"},"astra-site-page-builder":"elementor","categories":{"3427":"default","3429":"premium","2496":"restaurant-food"},"required-plugins":[{"slug":"elementor","init":"elementor\/elementor.php","name":"Elementor"}],"post-status":"publish","post-content":"<!-- wp:paragraph -->\n<p>The Pub &amp; Lounge template is crisp fullscreen design that welcomes you in from the very beginning. It\u2019s lively and youthful and portrays the warm welcoming atmosphere people expect from a venue.<\/p>\n<!-- \/wp:paragraph -->\n\n<!-- wp:paragraph -->\n<p>The template uses alternating dark and light areas and includes attractive menu sections. It\u2019s a complete template an entertainment business needs to build a community. Everything you see can be fully customized and branded. You can add, remove or change anything on the page using built-in tools.<\/p>\n<!-- \/wp:paragraph -->\n\n<!-- wp:heading -->\n<h2 class=\"wp-block-heading\">Key features of the Pub &amp; Lounge template<\/h2>\n<!-- \/wp:heading -->\n\n<!-- wp:list -->\n<ul class=\"wp-block-list\"><!-- wp:list-item -->\n<li>Youthful and energetic entertainment template<\/li>\n<!-- \/wp:list-item -->\n\n<!-- wp:list-item -->\n<li>Crisp design with alternating dark and light<\/li>\n<!-- \/wp:list-item -->\n\n<!-- wp:list-item -->\n<li>Fast and easy to use<\/li>\n<!-- \/wp:list-item -->\n\n<!-- wp:list-item -->\n<li>SEO friendly and fully responsive<\/li>\n<!-- \/wp:list-item -->\n\n<!-- wp:list-item -->\n<li>Full compatibility with leading page builders<\/li>\n<!-- \/wp:list-item --><\/ul>\n<!-- \/wp:list -->","post-excerpt":"The Pub & Lounge template is ideal for vibrant bars, cozy pubs, and stylish lounges.","pages":{"id-93052":{"title":"Home","featured-image-url":"https:\/\/websitedemos.net\/wp-content\/uploads\/2024\/10\/pub-and-lounges-04.jpg","thumbnail-image-url":"https:\/\/websitedemos.net\/wp-content\/uploads\/2024\/10\/pub-and-lounges-04-600x2165.jpg","astra-page-api-url":"https:\/\/websitedemos.net\/pub-and-lounge-04\/wp-json\/wp\/v2\/pages\/876","dynamic-page":"no","astra-page-url":"\/\/websitedemos.net\/pub-and-lounge-04\/","astra-sites-tag":{"423":"home"},"site-pages-type":"premium","site-pages-page-builder":"elementor","site-pages-category":[],"site-pages-parent-category":{"60":"business"},"required-plugins":[{"slug":"elementor","init":"elementor\/elementor.php","name":"Elementor"}]},"id-93053":{"title":"Menus","featured-image-url":"https:\/\/websitedemos.net\/wp-content\/uploads\/2024\/10\/pub-and-lounges-04-menus.jpg","thumbnail-image-url":"https:\/\/websitedemos.net\/wp-content\/uploads\/2024\/10\/pub-and-lounges-04-menus-600x1307.jpg","astra-page-api-url":"https:\/\/websitedemos.net\/pub-and-lounge-04\/wp-json\/wp\/v2\/pages\/878","dynamic-page":"no","astra-page-url":"\/\/websitedemos.net\/pub-and-lounge-04\/menu\/","astra-sites-tag":{"565":"menu"},"site-pages-type":"premium","site-pages-page-builder":"elementor","site-pages-category":[],"site-pages-parent-category":{"60":"business"},"required-plugins":[{"slug":"elementor","init":"elementor\/elementor.php","name":"Elementor"}]},"id-93051":{"title":"Contact","featured-image-url":"https:\/\/websitedemos.net\/wp-content\/uploads\/2024\/10\/pub-and-lounges-04-contact.jpg","thumbnail-image-url":"https:\/\/websitedemos.net\/wp-content\/uploads\/2024\/10\/pub-and-lounges-04-contact-600x668.jpg","astra-page-api-url":"https:\/\/websitedemos.net\/pub-and-lounge-04\/wp-json\/wp\/v2\/pages\/879","dynamic-page":"no","astra-page-url":"\/\/websitedemos.net\/pub-and-lounge-04\/contact\/","astra-sites-tag":{"415":"contact"},"site-pages-type":"premium","site-pages-page-builder":"elementor","site-pages-category":[],"site-pages-parent-category":{"60":"business"},"required-plugins":[{"slug":"elementor","init":"elementor\/elementor.php","name":"Elementor"}]},"id-93050":{"title":"About","featured-image-url":"https:\/\/websitedemos.net\/wp-content\/uploads\/2024\/10\/pub-and-lounges-04-about.jpg","thumbnail-image-url":"https:\/\/websitedemos.net\/wp-content\/uploads\/2024\/10\/pub-and-lounges-04-about-600x1232.jpg","astra-page-api-url":"https:\/\/websitedemos.net\/pub-and-lounge-04\/wp-json\/wp\/v2\/pages\/877","dynamic-page":"no","astra-page-url":"\/\/websitedemos.net\/pub-and-lounge-04\/about\/","astra-sites-tag":{"352":"about"},"site-pages-type":"premium","site-pages-page-builder":"elementor","site-pages-category":[],"site-pages-parent-category":{"60":"business"},"required-plugins":[{"slug":"elementor","init":"elementor\/elementor.php","name":"Elementor"}]}},"related-bb-template":"","related-elementor-template":93049,"related-gutenberg-template":74973,"related_ecommerce_template":"","ecommerce_parent_template":""},"id-60280":{"title":"Book Store","id":60280,"publish-date":1704285763,"featured-image-url":"https:\/\/websitedemos.net\/wp-content\/uploads\/2022\/04\/book-store-04-1.jpg","thumbnail-image-url":"https:\/\/websitedemos.net\/wp-content\/uploads\/2022\/04\/book-store-04-1-600x3144.jpg","fullpage-thumbnail-image-url":"https:\/\/websitedemos.net\/wp-content\/uploads\/2022\/04\/book-store-04-1-400x2096.jpg","astra-site-url":"\/\/websitedemos.net\/book-store-04","astra-site-parent-id":2670,"astra-sites-tag":{"724":"author","2355":"author-book-store","2354":"author-portfolio","2353":"book-writer","2352":"books-store","496":"ecommerce","383":"online-store","1024":"woocommerce"},"astra-sites-type":"agency-mini","astra-site-category":{"38":"ecommerce"},"astra-sites-template-category":[],"astra-site-page-builder":"elementor","categories":{"3427":"default","2495":"ecommerce","2478":"local-storefronts","3429":"premium"},"required-plugins":[{"slug":"elementor","init":"elementor\/elementor.php","name":"Elementor"},{"slug":"header-footer-elementor","init":"header-footer-elementor\/header-footer-elementor.php","name":"Ultimate Addons for Elementor Lite"},{"slug":"woocommerce","init":"woocommerce\/woocommerce.php","name":"WooCommerce"},{"slug":"wpforms-lite","init":"wpforms-lite\/wpforms.php","name":"WPForms Lite"},{"slug":"cartflows","init":"cartflows\/cartflows.php","name":"CartFlows"},{"slug":"woo-cart-abandonment-recovery","init":"woo-cart-abandonment-recovery\/woo-cart-abandonment-recovery.php","name":"WooCommerce Cart Abandonment Recovery"}],"post-status":"publish","post-content":"","post-excerpt":"","pages":{"id-60283":{"title":"Home","featured-image-url":"https:\/\/websitedemos.net\/wp-content\/uploads\/2022\/04\/book-store-04.jpg","thumbnail-image-url":"https:\/\/websitedemos.net\/wp-content\/uploads\/2022\/04\/book-store-04-600x3144.jpg","astra-page-api-url":"https:\/\/websitedemos.net\/book-store-04\/wp-json\/wp\/v2\/pages\/12","dynamic-page":"yes","astra-page-url":"\/\/websitedemos.net\/book-store-04\/","astra-sites-tag":{"724":"author","1740":"books","2676":"bookstore","423":"home","814":"homepage","2677":"newbooks-2","2678":"reader-2"},"site-pages-type":"agency-mini","site-pages-page-builder":"elementor","site-pages-category":[],"site-pages-parent-category":{"64":"ecommerce"},"required-plugins":[{"slug":"elementor","init":"elementor\/elementor.php","name":"Elementor"},{"slug":"header-footer-elementor","init":"header-footer-elementor\/header-footer-elementor.php","name":"Ultimate Addons for Elementor Lite"},{"slug":"woocommerce","init":"woocommerce\/woocommerce.php","name":"WooCommerce"},{"slug":"wpforms-lite","init":"wpforms-lite\/wpforms.php","name":"WPForms Lite"}]},"id-60281":{"title":"About","featured-image-url":"https:\/\/websitedemos.net\/wp-content\/uploads\/2022\/04\/book-store-04-about.jpg","thumbnail-image-url":"https:\/\/websitedemos.net\/wp-content\/uploads\/2022\/04\/book-store-04-about-600x1676.jpg","astra-page-api-url":"https:\/\/websitedemos.net\/book-store-04\/wp-json\/wp\/v2\/pages\/283","dynamic-page":"no","astra-page-url":"\/\/websitedemos.net\/book-store-04\/about\/","astra-sites-tag":{"352":"about","455":"about-us","1740":"books","2676":"bookstore"},"site-pages-type":"agency-mini","site-pages-page-builder":"elementor","site-pages-category":[],"site-pages-parent-category":{"64":"ecommerce"},"required-plugins":[{"slug":"elementor","init":"elementor\/elementor.php","name":"Elementor"},{"slug":"header-footer-elementor","init":"header-footer-elementor\/header-footer-elementor.php","name":"Ultimate Addons for Elementor Lite"},{"slug":"wpforms-lite","init":"wpforms-lite\/wpforms.php","name":"WPForms Lite"}]},"id-60282":{"title":"Contact","featured-image-url":"https:\/\/websitedemos.net\/wp-content\/uploads\/2022\/04\/book-store-04-contact.jpg","thumbnail-image-url":"https:\/\/websitedemos.net\/wp-content\/uploads\/2022\/04\/book-store-04-contact-600x1051.jpg","astra-page-api-url":"https:\/\/websitedemos.net\/book-store-04\/wp-json\/wp\/v2\/pages\/288","dynamic-page":"no","astra-page-url":"\/\/websitedemos.net\/book-store-04\/contact\/","astra-sites-tag":{"2676":"bookstore","415":"contact","454":"contact-us","2678":"reader-2"},"site-pages-type":"agency-mini","site-pages-page-builder":"elementor","site-pages-category":[],"site-pages-parent-category":{"64":"ecommerce"},"required-plugins":[{"slug":"elementor","init":"elementor\/elementor.php","name":"Elementor"},{"slug":"header-footer-elementor","init":"header-footer-elementor\/header-footer-elementor.php","name":"Ultimate Addons for Elementor Lite"},{"slug":"wpforms-lite","init":"wpforms-lite\/wpforms.php","name":"WPForms Lite"}]}},"related-bb-template":"","related-elementor-template":"","related-gutenberg-template":"","related_ecommerce_template":"","ecommerce_parent_template":""},"id-60212":{"title":"Charity","id":60212,"publish-date":1704285764,"featured-image-url":"https:\/\/websitedemos.net\/wp-content\/uploads\/2022\/04\/charity.jpg","thumbnail-image-url":"https:\/\/websitedemos.net\/wp-content\/uploads\/2022\/04\/charity-600x1537.jpg","fullpage-thumbnail-image-url":"https:\/\/websitedemos.net\/wp-content\/uploads\/2022\/04\/charity-400x1024.jpg","astra-site-url":"\/\/websitedemos.net\/charity-01","astra-site-parent-id":2664,"astra-sites-tag":{"625":"charity","624":"foundation","626":"giving","977":"non-profit","745":"organization"},"astra-sites-type":"free","astra-site-category":{"39":"free","36":"other"},"astra-sites-template-category":[],"astra-site-page-builder":"beaver-builder","categories":{"2492":"non-profit"},"required-plugins":[{"slug":"beaver-builder-lite-version","init":"beaver-builder-lite-version\/fl-builder.php","name":"Beaver Builder Plugin (Lite Version)"},{"slug":"ultimate-addons-for-beaver-builder-lite","init":"ultimate-addons-for-beaver-builder-lite\/bb-ultimate-addon.php","name":"Ultimate Addons for Beaver Builder - Lite"},{"slug":"give","init":"give\/give.php","name":"Give - Donation Plugin"},{"slug":"wpforms-lite","init":"wpforms-lite\/wpforms.php","name":"WPForms Lite"}],"post-status":"publish","post-content":"","post-excerpt":"","pages":{"id-60215":{"title":"Home","featured-image-url":"https:\/\/websitedemos.net\/wp-content\/uploads\/2022\/04\/charity.jpg","thumbnail-image-url":"https:\/\/websitedemos.net\/wp-content\/uploads\/2022\/04\/charity-600x1537.jpg","astra-page-api-url":"https:\/\/websitedemos.net\/charity-01\/wp-json\/wp\/v2\/pages\/3607","dynamic-page":"no","astra-page-url":"\/\/websitedemos.net\/charity-01\/","astra-sites-tag":[],"site-pages-type":"free","site-pages-page-builder":"beaver-builder","site-pages-category":[],"site-pages-parent-category":{"61":"free","139":"other"},"required-plugins":[{"slug":"beaver-builder-lite-version","init":"beaver-builder-lite-version\/fl-builder.php","name":"Beaver Builder Plugin (Lite Version)"},{"slug":"ultimate-addons-for-beaver-builder-lite","init":"ultimate-addons-for-beaver-builder-lite\/bb-ultimate-addon.php","name":"Ultimate Addons for Beaver Builder - Lite"}]},"id-60218":{"title":"Who We Are","featured-image-url":"https:\/\/websitedemos.net\/wp-content\/uploads\/2022\/04\/charity-who-are-we.jpg","thumbnail-image-url":"https:\/\/websitedemos.net\/wp-content\/uploads\/2022\/04\/charity-who-are-we-600x1100.jpg","astra-page-api-url":"https:\/\/websitedemos.net\/charity-01\/wp-json\/wp\/v2\/pages\/3608","dynamic-page":"no","astra-page-url":"\/\/websitedemos.net\/charity-01\/who-we-are\/","astra-sites-tag":{"352":"about","455":"about-us"},"site-pages-type":"free","site-pages-page-builder":"beaver-builder","site-pages-category":[],"site-pages-parent-category":{"61":"free","139":"other"},"required-plugins":[{"slug":"beaver-builder-lite-version","init":"beaver-builder-lite-version\/fl-builder.php","name":"Beaver Builder Plugin (Lite Version)"},{"slug":"ultimate-addons-for-beaver-builder-lite","init":"ultimate-addons-for-beaver-builder-lite\/bb-ultimate-addon.php","name":"Ultimate Addons for Beaver Builder - Lite"}]},"id-60217":{"title":"What We Do","featured-image-url":"https:\/\/websitedemos.net\/wp-content\/uploads\/2022\/04\/charity-what-we-do.jpg","thumbnail-image-url":"https:\/\/websitedemos.net\/wp-content\/uploads\/2022\/04\/charity-what-we-do-600x1144.jpg","astra-page-api-url":"https:\/\/websitedemos.net\/charity-01\/wp-json\/wp\/v2\/pages\/3609","dynamic-page":"no","astra-page-url":"\/\/websitedemos.net\/charity-01\/what-we-do\/","astra-sites-tag":[],"site-pages-type":"free","site-pages-page-builder":"beaver-builder","site-pages-category":[],"site-pages-parent-category":{"61":"free","139":"other"},"required-plugins":[{"slug":"beaver-builder-lite-version","init":"beaver-builder-lite-version\/fl-builder.php","name":"Beaver Builder Plugin (Lite Version)"},{"slug":"ultimate-addons-for-beaver-builder-lite","init":"ultimate-addons-for-beaver-builder-lite\/bb-ultimate-addon.php","name":"Ultimate Addons for Beaver Builder - Lite"}]},"id-60214":{"title":"Donate","featured-image-url":"https:\/\/websitedemos.net\/wp-content\/uploads\/2022\/04\/charity-donate.jpg","thumbnail-image-url":"https:\/\/websitedemos.net\/wp-content\/uploads\/2022\/04\/charity-donate-600x362.jpg","astra-page-api-url":"https:\/\/websitedemos.net\/charity-01\/wp-json\/wp\/v2\/pages\/3612","dynamic-page":"yes","astra-page-url":"\/\/websitedemos.net\/charity-01\/donate\/","astra-sites-tag":[],"site-pages-type":"free","site-pages-page-builder":"beaver-builder","site-pages-category":[],"site-pages-parent-category":{"61":"free","139":"other"},"required-plugins":[{"slug":"beaver-builder-lite-version","init":"beaver-builder-lite-version\/fl-builder.php","name":"Beaver Builder Plugin (Lite Version)"},{"slug":"give","init":"give\/give.php","name":"Give - Donation Plugin"},{"slug":"ultimate-addons-for-beaver-builder-lite","init":"ultimate-addons-for-beaver-builder-lite\/bb-ultimate-addon.php","name":"Ultimate Addons for Beaver Builder - Lite"}]},"id-60216":{"title":"Our Partners","featured-image-url":"https:\/\/websitedemos.net\/wp-content\/uploads\/2022\/04\/charity-our-partners.jpg","thumbnail-image-url":"https:\/\/websitedemos.net\/wp-content\/uploads\/2022\/04\/charity-our-partners-600x867.jpg","astra-page-api-url":"https:\/\/websitedemos.net\/charity-01\/wp-json\/wp\/v2\/pages\/3610","dynamic-page":"no","astra-page-url":"\/\/websitedemos.net\/charity-01\/our-partners\/","astra-sites-tag":[],"site-pages-type":"free","site-pages-page-builder":"beaver-builder","site-pages-category":[],"site-pages-parent-category":{"61":"free","139":"other"},"required-plugins":[{"slug":"beaver-builder-lite-version","init":"beaver-builder-lite-version\/fl-builder.php","name":"Beaver Builder Plugin (Lite Version)"},{"slug":"ultimate-addons-for-beaver-builder-lite","init":"ultimate-addons-for-beaver-builder-lite\/bb-ultimate-addon.php","name":"Ultimate Addons for Beaver Builder - Lite"}]},"id-60213":{"title":"Contact Us","featured-image-url":"https:\/\/websitedemos.net\/wp-content\/uploads\/2022\/04\/charity-contact.jpg","thumbnail-image-url":"https:\/\/websitedemos.net\/wp-content\/uploads\/2022\/04\/charity-contact-600x677.jpg","astra-page-api-url":"https:\/\/websitedemos.net\/charity-01\/wp-json\/wp\/v2\/pages\/3611","dynamic-page":"no","astra-page-url":"\/\/websitedemos.net\/charity-01\/contact-us\/","astra-sites-tag":{"415":"contact"},"site-pages-type":"free","site-pages-page-builder":"beaver-builder","site-pages-category":[],"site-pages-parent-category":{"61":"free","139":"other"},"required-plugins":[{"slug":"beaver-builder-lite-version","init":"beaver-builder-lite-version\/fl-builder.php","name":"Beaver Builder Plugin (Lite Version)"},{"slug":"ultimate-addons-for-beaver-builder-lite","init":"ultimate-addons-for-beaver-builder-lite\/bb-ultimate-addon.php","name":"Ultimate Addons for Beaver Builder - Lite"}]}},"related-bb-template":"","related-elementor-template":"","related-gutenberg-template":"","related_ecommerce_template":"","ecommerce_parent_template":""}}